-- MySQL dump 10.13  Distrib 8.0.34, for macos13 (x86_64)
--
-- Host: localhost    Database: cinema
-- ------------------------------------------------------
-- Server version	8.0.33

/*!40101 SET @OLD_CHARACTER_SET_CLIENT=@@CHARACTER_SET_CLIENT */;
/*!40101 SET @OLD_CHARACTER_SET_RESULTS=@@CHARACTER_SET_RESULTS */;
/*!40101 SET @OLD_COLLATION_CONNECTION=@@COLLATION_CONNECTION */;
/*!50503 SET NAMES utf8 */;
/*!40103 SET @OLD_TIME_ZONE=@@TIME_ZONE */;
/*!40103 SET TIME_ZONE='+00:00' */;
/*!40014 SET @OLD_UNIQUE_CHECKS=@@UNIQUE_CHECKS, UNIQUE_CHECKS=0 */;
/*!40014 SET @OLD_FOREIGN_KEY_CHECKS=@@FOREIGN_KEY_CHECKS, FOREIGN_KEY_CHECKS=0 */;
/*!40101 SET @OLD_SQL_MODE=@@SQL_MODE, SQL_MODE='NO_AUTO_VALUE_ON_ZERO' */;
/*!40111 SET @OLD_SQL_NOTES=@@SQL_NOTES, SQL_NOTES=0 */;

--
-- Table structure for table `accounts`
--

DROP TABLE IF EXISTS `accounts`;
/*!40101 SET @saved_cs_client     = @@character_set_client */;
/*!50503 SET character_set_client = utf8mb4 */;
CREATE TABLE `accounts` (
  `Username` varchar(255) CHARACTER SET utf8mb3 COLLATE utf8mb3_general_ci NOT NULL,
  `Password` varchar(255) CHARACTER SET utf8mb3 COLLATE utf8mb3_general_ci NOT NULL,
  `Idusers` bigint DEFAULT NULL,
  `points` int DEFAULT NULL,
  PRIMARY KEY (`Username`),
  KEY `kp_account_user` (`Idusers`),
  CONSTRAINT `kp_account_user` FOREIGN KEY (`Idusers`) REFERENCES `Users` (`Idusers`)
) ENGINE=InnoDB DEFAULT CHARSET=utf8mb4 COLLATE=utf8mb4_0900_ai_ci;
/*!40101 SET character_set_client = @saved_cs_client */;

--
-- Dumping data for table `accounts`
--

LOCK TABLES `accounts` WRITE;
/*!40000 ALTER TABLE `accounts` DISABLE KEYS */;
INSERT INTO `accounts` VALUES ('nguyenxuantiendung','0000',1,1000000),('phamkhanhhuy','0000',2,1000000);
/*!40000 ALTER TABLE `accounts` ENABLE KEYS */;
UNLOCK TABLES;

--
-- Table structure for table `Bill`
--

DROP TABLE IF EXISTS `Bill`;
/*!40101 SET @saved_cs_client     = @@character_set_client */;
/*!50503 SET character_set_client = utf8mb4 */;
CREATE TABLE `Bill` (
  `Idbill` bigint NOT NULL AUTO_INCREMENT,
  `Idmovie` bigint DEFAULT NULL,
  `Idvoucher` int DEFAULT NULL,
  `Iduser` bigint DEFAULT NULL,
  `Idinterest` int DEFAULT NULL,
  `Idcinema` bigint DEFAULT NULL,
  `quantityticket` int DEFAULT NULL,
  `Vat` int DEFAULT NULL,
  `Totalamount` int DEFAULT NULL,
  `Datebill` datetime DEFAULT NULL,
  `note` varchar(255) CHARACTER SET utf8mb3 COLLATE utf8mb3_general_ci DEFAULT NULL,
  `statusbill` int DEFAULT NULL,
  PRIMARY KEY (`Idbill`),
  KEY `kp_Bill_movie` (`Idmovie`),
  KEY `kp_Bill_interest` (`Idinterest`),
  KEY `kp_Bill_voucher` (`Idvoucher`),
  KEY `kp_Bill_user` (`Iduser`),
  KEY `kp_Bill_cinema` (`Idcinema`),
  CONSTRAINT `kp_Bill_cinema` FOREIGN KEY (`Idcinema`) REFERENCES `cinema` (`Idcinema`),
  CONSTRAINT `kp_Bill_interest` FOREIGN KEY (`Idinterest`) REFERENCES `cinemainterest` (`Idinterest`),
  CONSTRAINT `kp_Bill_movie` FOREIGN KEY (`Idmovie`) REFERENCES `movie` (`Idmovie`),
  CONSTRAINT `kp_Bill_user` FOREIGN KEY (`Iduser`) REFERENCES `Users` (`Idusers`),
  CONSTRAINT `kp_Bill_voucher` FOREIGN KEY (`Idvoucher`) REFERENCES `voucher` (`Idvoucher`)
) ENGINE=InnoDB AUTO_INCREMENT=58 DEFAULT CHARSET=utf8mb4 COLLATE=utf8mb4_0900_ai_ci;
/*!40101 SET character_set_client = @saved_cs_client */;

--
-- Dumping data for table `Bill`
--

LOCK TABLES `Bill` WRITE;
/*!40000 ALTER TABLE `Bill` DISABLE KEYS */;
INSERT INTO `Bill` VALUES (3,1,10,2,3,1,3,5,500000,'2023-09-10 14:45:42','none',1),(4,1,10,2,3,1,5,0,60000,'2023-10-06 15:49:58','khong co noi dung',1),(5,1,10,2,3,1,5,0,60000,'2023-10-06 15:51:06','khong co noi dung',1),(6,1,10,2,3,1,5,0,60000,'2023-10-06 15:52:28','khong co noi dung',1),(7,1,10,2,3,1,6,0,60000,'2023-10-06 15:54:49','khong co noi dung',1),(16,1,10,2,4,1,540000,0,190000,'2023-10-06 20:14:09','ko co noi dung gi',1),(17,1,10,2,4,1,2,0,40000,'2023-10-06 20:22:01','ko co noi dung gi',1),(18,1,10,2,5,1,4,0,80000,'2023-10-06 20:37:17','ko co noi dung gi',1),(19,1,10,2,5,1,2,0,40000,'2023-10-06 20:40:36','ko co noi dung gi',1),(20,1,10,2,4,1,4,0,280000,'2023-10-10 23:57:10','ko co noi dung gi',1),(21,1,10,2,4,1,2,0,40000,'2023-10-10 23:57:49','ko co noi dung gi',1),(22,1,10,2,4,1,3,0,60000,'2023-10-11 13:50:39','ko co noi dung gi',1),(23,1,10,2,139,1,4,0,80000,'2023-10-16 12:55:03','ko co noi dung gi',0),(24,1,10,2,271,1,5,0,100000,'2023-10-26 23:58:59','ko co noi dung gi',1),(25,1,10,2,329,1,3,0,60000,'2023-10-30 22:48:12','ko co noi dung gi',1),(26,1,10,2,335,1,11,0,720000,'2023-11-05 00:29:09','ko co noi dung gi',1),(27,1,10,2,349,1,4,0,80000,'2023-11-06 14:13:36','ko co noi dung gi',1),(28,1,10,2,355,1,7,0,140000,'2023-11-09 17:12:31','ko co noi dung gi',1),(29,1,10,2,355,1,4,0,80000,'2023-11-09 17:13:30','ko co noi dung gi',1),(30,1,10,2,355,1,3,0,60000,'2023-11-09 17:15:35','ko co noi dung gi',1),(31,1,10,2,355,1,3,0,60000,'2023-11-09 17:16:47','ko co noi dung gi',1),(32,1,10,2,357,1,8,0,160000,'2023-11-09 17:18:51','ko co noi dung gi',1),(33,1,10,2,357,1,3,0,60000,'2023-11-09 17:20:54','ko co noi dung gi',1),(34,1,10,2,357,1,4,0,80000,'2023-11-09 17:22:51','ko co noi dung gi',1),(35,1,10,2,357,1,4,0,80000,'2023-11-09 21:35:21','ko co noi dung gi',1),(36,1,10,2,357,1,3,0,60000,'2023-11-09 21:39:45','ko co noi dung gi',1),(37,1,10,2,357,1,3,0,60000,'2023-11-09 21:42:21','ko co noi dung gi',1),(38,1,10,2,357,1,3,0,60000,'2023-11-09 21:42:47','ko co noi dung gi',1),(39,1,10,2,357,1,3,0,60000,'2023-11-09 21:44:18','ko co noi dung gi',1),(40,1,10,2,357,1,3,0,60000,'2023-11-09 21:44:59','ko co noi dung gi',1),(41,1,10,2,357,1,3,0,60000,'2023-11-09 21:47:16','ko co noi dung gi',1),(42,1,10,2,355,1,3,0,60000,'2023-11-09 21:48:14','ko co noi dung gi',1),(43,1,10,2,357,1,3,0,60000,'2023-11-09 21:50:36','ko co noi dung gi',1),(44,1,10,2,357,1,3,0,60000,'2023-11-09 22:12:20','ko co noi dung gi',1),(45,1,10,2,357,1,3,0,60000,'2023-11-10 00:03:26','ko co noi dung gi',1),(46,1,10,2,357,1,3,0,60000,'2023-11-10 00:08:19','ko co noi dung gi',1),(47,1,10,2,360,1,6,0,120000,'2023-11-10 01:49:54','ko co noi dung gi',1),(48,1,10,2,360,1,6,0,120000,'2023-11-10 01:52:23','ko co noi dung gi',1),(49,1,10,2,364,1,9,0,180000,'2023-11-10 01:56:05','ko co noi dung gi',1),(50,1,10,2,360,1,3,0,60000,'2023-11-10 01:58:20','ko co noi dung gi',1),(51,1,10,2,365,1,6,0,120000,'2023-11-16 16:03:29','ko co noi dung gi',1),(52,1,10,2,365,1,4,0,80000,'2023-11-16 16:06:08','ko co noi dung gi',1),(53,1,10,2,365,1,6,0,420000,'2023-11-16 16:21:33','ko co noi dung gi',1),(54,1,10,2,365,1,4,0,80000,'2023-11-16 16:23:31','ko co noi dung gi',1),(55,1,10,2,365,1,3,0,60000,'2023-11-16 20:06:18','ko co noi dung gi',1),(56,1,10,2,370,1,4,0,80000,'2023-11-16 20:34:55','ko co noi dung gi',1),(57,1,10,2,370,1,4,0,280000,'2023-11-16 20:44:33','ko co noi dung gi',1);
/*!40000 ALTER TABLE `Bill` ENABLE KEYS */;
UNLOCK TABLES;

--
-- Table structure for table `BillWithVoucher`
--

DROP TABLE IF EXISTS `BillWithVoucher`;
/*!40101 SET @saved_cs_client     = @@character_set_client */;
/*!50503 SET character_set_client = utf8mb4 */;
CREATE TABLE `BillWithVoucher` (
  `id` int NOT NULL AUTO_INCREMENT,
  `Idbill` bigint DEFAULT NULL,
  `Idvoucher` int DEFAULT NULL,
  PRIMARY KEY (`id`)
) ENGINE=InnoDB DEFAULT CHARSET=utf8mb4 COLLATE=utf8mb4_0900_ai_ci;
/*!40101 SET character_set_client = @saved_cs_client */;

--
-- Dumping data for table `BillWithVoucher`
--

LOCK TABLES `BillWithVoucher` WRITE;
/*!40000 ALTER TABLE `BillWithVoucher` DISABLE KEYS */;
/*!40000 ALTER TABLE `BillWithVoucher` ENABLE KEYS */;
UNLOCK TABLES;

--
-- Table structure for table `categorychair`
--

DROP TABLE IF EXISTS `categorychair`;
/*!40101 SET @saved_cs_client     = @@character_set_client */;
/*!50503 SET character_set_client = utf8mb4 */;
CREATE TABLE `categorychair` (
  `Idcategorychair` int NOT NULL AUTO_INCREMENT,
  `Namecategorychair` varchar(200) CHARACTER SET utf8mb3 COLLATE utf8mb3_general_ci DEFAULT NULL,
  `Colorchair` varchar(200) CHARACTER SET utf8mb3 COLLATE utf8mb3_general_ci DEFAULT NULL,
  `price` int DEFAULT NULL,
  `Idroom` bigint DEFAULT NULL,
  PRIMARY KEY (`Idcategorychair`),
  KEY `kp_categoryChair_Idroom` (`Idroom`),
  CONSTRAINT `kp_categoryChair_Idroom` FOREIGN KEY (`Idroom`) REFERENCES `Room` (`Idroom`)
) ENGINE=InnoDB AUTO_INCREMENT=4 DEFAULT CHARSET=utf8mb4 COLLATE=utf8mb4_0900_ai_ci;
/*!40101 SET character_set_client = @saved_cs_client */;

--
-- Dumping data for table `categorychair`
--

LOCK TABLES `categorychair` WRITE;
/*!40000 ALTER TABLE `categorychair` DISABLE KEYS */;
INSERT INTO `categorychair` VALUES (1,'Ghế thường','#464646',20000,1),(2,'ghe vip vip','#FAE687',100000,1),(3,'ghế hàng giữa ','#4545F5',45000,5);
/*!40000 ALTER TABLE `categorychair` ENABLE KEYS */;
UNLOCK TABLES;

--
-- Table structure for table `Categoryfood`
--

DROP TABLE IF EXISTS `Categoryfood`;
/*!40101 SET @saved_cs_client     = @@character_set_client */;
/*!50503 SET character_set_client = utf8mb4 */;
CREATE TABLE `Categoryfood` (
  `Idcategoryfood` int NOT NULL AUTO_INCREMENT,
  `Namecategoryfood` varchar(255) CHARACTER SET utf8mb3 COLLATE utf8mb3_general_ci DEFAULT NULL,
  PRIMARY KEY (`Idcategoryfood`)
) ENGINE=InnoDB AUTO_INCREMENT=4 DEFAULT CHARSET=utf8mb4 COLLATE=utf8mb4_0900_ai_ci;
/*!40101 SET character_set_client = @saved_cs_client */;

--
-- Dumping data for table `Categoryfood`
--

LOCK TABLES `Categoryfood` WRITE;
/*!40000 ALTER TABLE `Categoryfood` DISABLE KEYS */;
INSERT INTO `Categoryfood` VALUES (1,'NƯỚC UỐNG'),(2,'MÓN ĂN'),(3,'COMBO');
/*!40000 ALTER TABLE `Categoryfood` ENABLE KEYS */;
UNLOCK TABLES;

--
-- Table structure for table `CategoryMovie`
--

DROP TABLE IF EXISTS `CategoryMovie`;
/*!40101 SET @saved_cs_client     = @@character_set_client */;
/*!50503 SET character_set_client = utf8mb4 */;
CREATE TABLE `CategoryMovie` (
  `Idcategorymovie` int NOT NULL AUTO_INCREMENT,
  `Namecategorymovie` varchar(100) CHARACTER SET utf8mb3 COLLATE utf8mb3_general_ci DEFAULT NULL,
  PRIMARY KEY (`Idcategorymovie`)
) ENGINE=InnoDB AUTO_INCREMENT=7 DEFAULT CHARSET=utf8mb4 COLLATE=utf8mb4_0900_ai_ci;
/*!40101 SET character_set_client = @saved_cs_client */;

--
-- Dumping data for table `CategoryMovie`
--

LOCK TABLES `CategoryMovie` WRITE;
/*!40000 ALTER TABLE `CategoryMovie` DISABLE KEYS */;
INSERT INTO `CategoryMovie` VALUES (1,'Hành động'),(2,'Lãng mạn'),(3,'Kinh dị'),(4,'Tâm lý'),(5,'Lịch sử'),(6,'Hoạt hình');
/*!40000 ALTER TABLE `CategoryMovie` ENABLE KEYS */;
UNLOCK TABLES;

--
-- Table structure for table `chair`
--

DROP TABLE IF EXISTS `chair`;
/*!40101 SET @saved_cs_client     = @@character_set_client */;
/*!50503 SET character_set_client = utf8mb4 */;
CREATE TABLE `chair` (
  `Idchair` int NOT NULL AUTO_INCREMENT,
  `NumberChair` int DEFAULT NULL,
  `Roww` int DEFAULT NULL,
  `Idroom` bigint DEFAULT NULL,
  `StatusChair` int DEFAULT NULL,
  `Idcategorychair` int DEFAULT NULL,
  `RowChar` char(1) DEFAULT NULL,
  PRIMARY KEY (`Idchair`),
  KEY `kp_chair_room` (`Idroom`),
  KEY `kp_chair_categorychair` (`Idcategorychair`),
  CONSTRAINT `kp_chair_categorychair` FOREIGN KEY (`Idcategorychair`) REFERENCES `Categorychair` (`Idcategorychair`),
  CONSTRAINT `kp_chair_room` FOREIGN KEY (`Idroom`) REFERENCES `Room` (`Idroom`)
) ENGINE=InnoDB AUTO_INCREMENT=1934 DEFAULT CHARSET=utf8mb4 COLLATE=utf8mb4_0900_ai_ci;
/*!40101 SET character_set_client = @saved_cs_client */;

--
-- Dumping data for table `chair`
--

LOCK TABLES `chair` WRITE;
/*!40000 ALTER TABLE `chair` DISABLE KEYS */;
INSERT INTO `chair` VALUES (251,1,0,1,0,2,'A'),(252,2,0,1,0,2,'A'),(253,3,0,1,0,2,'A'),(254,4,0,1,0,1,'A'),(255,5,0,1,0,1,'A'),(256,6,0,1,0,1,'A'),(257,7,0,1,0,1,'A'),(258,8,0,1,0,1,'A'),(259,9,0,1,0,1,'A'),(260,10,0,1,0,1,'A'),(261,11,0,1,0,1,'A'),(262,12,0,1,0,1,'A'),(263,13,0,1,0,1,'A'),(264,14,0,1,0,1,'B'),(265,15,0,1,0,1,'B'),(266,16,0,1,0,1,'B'),(267,17,0,1,0,1,'B'),(268,18,0,1,0,1,'B'),(269,19,0,1,0,1,'B'),(270,20,0,1,0,1,'B'),(271,21,0,1,0,1,'B'),(272,22,0,1,0,1,'B'),(273,23,0,1,0,1,'B'),(274,24,0,1,0,1,'B'),(275,25,0,1,0,1,'B'),(276,26,0,1,0,1,'B'),(277,27,0,1,0,1,'C'),(278,28,0,1,0,1,'C'),(279,29,0,1,0,1,'C'),(280,30,0,1,0,1,'C'),(281,31,0,1,0,1,'C'),(282,32,0,1,0,1,'C'),(283,33,0,1,0,1,'C'),(284,34,0,1,0,1,'C'),(285,35,0,1,0,1,'C'),(286,36,0,1,0,1,'C'),(287,37,0,1,0,1,'C'),(288,38,0,1,0,1,'C'),(289,39,0,1,0,1,'C'),(290,40,0,1,0,1,'D'),(291,41,0,1,0,1,'D'),(292,42,0,1,0,2,'D'),(293,43,0,1,0,2,'D'),(294,44,0,1,0,2,'D'),(295,45,0,1,0,3,'D'),(296,46,0,1,0,3,'D'),(297,47,0,1,0,3,'D'),(298,48,0,1,0,1,'D'),(299,49,0,1,0,1,'D'),(300,50,0,1,0,1,'D'),(351,1,0,3,0,1,'A'),(352,2,0,3,0,1,'A'),(353,3,0,3,0,1,'A'),(354,4,0,3,0,1,'A'),(355,5,0,3,0,1,'A'),(356,6,0,3,0,1,'A'),(357,7,0,3,0,1,'A'),(358,8,0,3,0,1,'A'),(359,9,0,3,0,1,'A'),(360,10,0,3,0,1,'A'),(361,11,0,3,0,1,'A'),(362,12,0,3,0,1,'A'),(363,13,0,3,0,1,'B'),(364,14,0,3,0,1,'B'),(365,15,0,3,0,1,'B'),(366,16,0,3,0,1,'B'),(367,17,0,3,0,1,'B'),(368,18,0,3,0,1,'B'),(369,19,0,3,0,1,'B'),(370,20,0,3,0,1,'B'),(371,21,0,3,0,1,'B'),(372,22,0,3,0,1,'B'),(373,23,0,3,0,1,'B'),(374,24,0,3,0,1,'B'),(375,25,0,3,0,1,'C'),(376,26,0,3,0,1,'C'),(377,27,0,3,0,1,'C'),(378,28,0,3,0,1,'C'),(379,29,0,3,0,1,'C'),(380,30,0,3,0,1,'C'),(381,31,0,3,0,1,'C'),(382,32,0,3,0,1,'C'),(383,33,0,3,0,1,'C'),(384,34,0,3,0,1,'C'),(385,35,0,3,0,1,'C'),(386,36,0,3,0,1,'C'),(387,37,0,3,0,1,'D'),(388,38,0,3,0,1,'D'),(389,39,0,3,0,1,'D'),(390,40,0,3,0,1,'D'),(391,41,0,3,0,1,'D'),(392,42,0,3,0,1,'D'),(393,43,0,3,0,1,'D'),(394,44,0,3,0,1,'D'),(395,45,0,3,0,1,'D'),(396,46,0,3,0,1,'D'),(397,47,0,3,0,1,'D'),(398,48,0,3,0,1,'D'),(399,49,0,3,0,1,'E'),(400,50,0,3,0,1,'E'),(401,51,0,3,0,1,'E'),(402,52,0,3,0,1,'E'),(403,53,0,3,0,1,'E'),(404,54,0,3,0,1,'E'),(405,55,0,3,0,1,'E'),(406,56,0,3,0,1,'E'),(407,57,0,3,0,1,'E'),(408,58,0,3,0,1,'E'),(409,59,0,3,0,1,'E'),(410,60,0,3,0,1,'E'),(411,61,0,3,0,1,'F'),(412,62,0,3,0,1,'F'),(413,63,0,3,0,1,'F'),(414,64,0,3,0,1,'F'),(415,65,0,3,0,1,'F'),(416,66,0,3,0,1,'F'),(417,67,0,3,0,1,'F'),(418,68,0,3,0,1,'F'),(419,69,0,3,0,1,'F'),(420,70,0,3,0,1,'F'),(421,71,0,3,0,1,'F'),(422,72,0,3,0,1,'F'),(423,73,0,3,0,1,'G'),(424,74,0,3,0,1,'G'),(425,75,0,3,0,1,'G'),(426,76,0,3,0,1,'G'),(427,77,0,3,0,1,'G'),(428,78,0,3,0,1,'G'),(429,79,0,3,0,1,'G'),(430,80,0,3,0,1,'G'),(431,81,0,3,0,1,'G'),(432,82,0,3,0,1,'G'),(433,83,0,3,0,1,'G'),(434,84,0,3,0,1,'G'),(435,85,0,3,0,1,'H'),(436,86,0,3,0,1,'H'),(437,87,0,3,0,1,'H'),(438,88,0,3,0,1,'H'),(439,89,0,3,0,1,'H'),(440,90,0,3,0,1,'H'),(441,91,0,3,0,1,'H'),(442,92,0,3,0,1,'H'),(443,93,0,3,0,1,'H'),(444,94,0,3,0,1,'H'),(445,95,0,3,0,1,'H'),(446,96,0,3,0,1,'H'),(447,97,0,3,0,1,'I'),(448,98,0,3,0,1,'I'),(449,99,0,3,0,1,'I'),(450,100,0,3,0,1,'I'),(451,1,0,4,0,1,'A'),(452,2,0,4,0,1,'A'),(453,3,0,4,0,1,'A'),(454,4,0,4,0,1,'A'),(455,5,0,4,0,1,'A'),(456,6,0,4,0,1,'A'),(457,7,0,4,0,1,'A'),(458,8,0,4,0,1,'A'),(459,9,0,4,0,1,'A'),(460,10,0,4,0,1,'A'),(461,11,0,4,0,1,'A'),(462,12,0,4,0,1,'A'),(463,13,0,4,0,1,'A'),(464,14,0,4,0,1,'B'),(465,15,0,4,0,1,'B'),(466,16,0,4,0,1,'B'),(467,17,0,4,0,1,'B'),(468,18,0,4,0,1,'B'),(469,19,0,4,0,1,'B'),(470,20,0,4,0,1,'B'),(471,21,0,4,0,1,'B'),(472,22,0,4,0,1,'B'),(473,23,0,4,0,1,'B'),(474,24,0,4,0,1,'B'),(475,25,0,4,0,1,'B'),(476,26,0,4,0,1,'B'),(477,27,0,4,0,1,'C'),(478,28,0,4,0,1,'C'),(479,29,0,4,0,1,'C'),(480,30,0,4,0,1,'C'),(481,31,0,4,0,1,'C'),(482,32,0,4,0,1,'C'),(483,33,0,4,0,1,'C'),(484,34,0,4,0,1,'C'),(485,35,0,4,0,1,'C'),(486,36,0,4,0,1,'C'),(487,37,0,4,0,1,'C'),(488,38,0,4,0,1,'C'),(489,39,0,4,0,1,'C'),(490,40,0,4,0,1,'D'),(491,41,0,4,0,1,'D'),(492,42,0,4,0,1,'D'),(493,43,0,4,0,1,'D'),(494,44,0,4,0,1,'D'),(495,45,0,4,0,1,'D'),(496,46,0,4,0,1,'D'),(497,47,0,4,0,1,'D'),(498,48,0,4,0,1,'D'),(499,49,0,4,0,1,'D'),(500,50,0,4,0,1,'D'),(501,51,0,4,0,1,'D'),(502,52,0,4,0,1,'D'),(503,53,0,4,0,1,'E'),(504,54,0,4,0,1,'E'),(505,55,0,4,0,1,'E'),(506,56,0,4,0,1,'E'),(507,57,0,4,0,1,'E'),(508,58,0,4,0,1,'E'),(509,59,0,4,0,1,'E'),(510,60,0,4,0,1,'E'),(511,61,0,4,0,1,'E'),(512,62,0,4,0,1,'E'),(513,63,0,4,0,1,'E'),(514,64,0,4,0,1,'E'),(515,65,0,4,0,1,'E'),(516,66,0,4,0,1,'F'),(517,67,0,4,0,1,'F'),(518,68,0,4,0,1,'F'),(519,69,0,4,0,1,'F'),(520,70,0,4,0,1,'F'),(521,71,0,4,0,1,'F'),(522,72,0,4,0,1,'F'),(523,73,0,4,0,1,'F'),(524,74,0,4,0,1,'F'),(525,75,0,4,0,1,'F'),(526,76,0,4,0,1,'F'),(527,77,0,4,0,1,'F'),(528,78,0,4,0,1,'F'),(529,79,0,4,0,1,'G'),(530,80,0,4,0,1,'G'),(531,81,0,4,0,1,'G'),(532,82,0,4,0,1,'G'),(533,83,0,4,0,1,'G'),(534,84,0,4,0,1,'G'),(535,85,0,4,0,1,'G'),(536,86,0,4,0,1,'G'),(537,87,0,4,0,1,'G'),(538,88,0,4,0,1,'G'),(539,89,0,4,0,1,'G'),(540,90,0,4,0,1,'G'),(541,91,0,4,0,1,'G'),(542,92,0,4,0,1,'H'),(543,93,0,4,0,1,'H'),(544,94,0,4,0,1,'H'),(545,95,0,4,0,1,'H'),(546,96,0,4,0,1,'H'),(547,97,0,4,0,1,'H'),(548,98,0,4,0,1,'H'),(549,99,0,4,0,1,'H'),(550,100,0,4,0,1,'H'),(551,101,0,4,0,1,'H'),(552,102,0,4,0,1,'H'),(553,103,0,4,0,1,'H'),(554,104,0,4,0,1,'H'),(555,105,0,4,0,1,'I'),(556,106,0,4,0,1,'I'),(557,107,0,4,0,1,'I'),(558,108,0,4,0,1,'I'),(559,109,0,4,0,1,'I'),(560,110,0,4,0,1,'I'),(561,111,0,4,0,1,'I'),(562,112,0,4,0,1,'I'),(563,113,0,4,0,1,'I'),(564,114,0,4,0,1,'I'),(565,115,0,4,0,1,'I'),(566,116,0,4,0,1,'I'),(567,117,0,4,0,1,'I'),(568,118,0,4,0,1,'J'),(569,119,0,4,0,1,'J'),(570,120,0,4,0,1,'J'),(571,121,0,4,0,1,'J'),(572,122,0,4,0,1,'J'),(573,123,0,4,0,1,'J'),(574,124,0,4,0,1,'J'),(575,125,0,4,0,1,'J'),(576,126,0,4,0,1,'J'),(577,127,0,4,0,1,'J'),(578,128,0,4,0,1,'J'),(579,129,0,4,0,1,'J'),(580,130,0,4,0,1,'J'),(581,131,0,4,0,1,'K'),(582,132,0,4,0,1,'K'),(583,133,0,4,0,1,'K'),(584,134,0,4,0,1,'K'),(585,135,0,4,0,1,'K'),(586,136,0,4,0,1,'K'),(587,137,0,4,0,1,'K'),(588,138,0,4,0,1,'K'),(589,139,0,4,0,1,'K'),(590,140,0,4,0,1,'K'),(591,141,0,4,0,1,'K'),(592,142,0,4,0,1,'K'),(593,143,0,4,0,1,'K'),(594,144,0,4,0,1,'L'),(595,145,0,4,0,1,'L'),(596,146,0,4,0,1,'L'),(597,147,0,4,0,1,'L'),(598,148,0,4,0,1,'L'),(599,149,0,4,0,1,'L'),(600,150,0,4,0,1,'L'),(601,151,0,4,0,1,'L'),(602,152,0,4,0,1,'L'),(603,153,0,4,0,1,'L'),(604,154,0,4,0,1,'L'),(605,155,0,4,0,1,'L'),(606,156,0,4,0,1,'L'),(607,157,0,4,0,1,'M'),(608,158,0,4,0,1,'M'),(609,159,0,4,0,1,'M'),(610,160,0,4,0,1,'M'),(611,161,0,4,0,1,'M'),(612,162,0,4,0,1,'M'),(613,163,0,4,0,1,'M'),(614,164,0,4,0,1,'M'),(615,165,0,4,0,1,'M'),(616,166,0,4,0,1,'M'),(617,167,0,4,0,1,'M'),(618,168,0,4,0,1,'M'),(619,169,0,4,0,1,'M'),(620,170,0,4,0,1,'N'),(621,171,0,4,0,1,'N'),(622,172,0,4,0,1,'N'),(623,173,0,4,0,1,'N'),(624,174,0,4,0,1,'N'),(625,175,0,4,0,1,'N'),(626,176,0,4,0,1,'N'),(627,177,0,4,0,1,'N'),(628,178,0,4,0,1,'N'),(629,179,0,4,0,1,'N'),(630,180,0,4,0,1,'N'),(631,181,0,4,0,1,'N'),(632,182,0,4,0,1,'N'),(633,183,0,4,0,1,'O'),(634,184,0,4,0,1,'O'),(635,185,0,4,0,1,'O'),(636,186,0,4,0,1,'O'),(637,187,0,4,0,1,'O'),(638,188,0,4,0,1,'O'),(639,189,0,4,0,1,'O'),(640,190,0,4,0,1,'O'),(641,191,0,4,0,1,'O'),(642,192,0,4,0,1,'O'),(643,193,0,4,0,1,'O'),(644,194,0,4,0,1,'O'),(645,195,0,4,0,1,'O'),(646,196,0,4,0,1,'P'),(647,197,0,4,0,1,'P'),(648,198,0,4,0,1,'P'),(649,199,0,4,0,1,'P'),(650,200,0,4,0,1,'P'),(651,1,0,5,0,1,'A'),(652,2,0,5,0,1,'A'),(653,3,0,5,0,1,'A'),(654,4,0,5,0,1,'A'),(655,5,0,5,0,1,'A'),(656,6,0,5,0,1,'A'),(657,7,0,5,0,1,'A'),(658,8,0,5,0,1,'A'),(659,9,0,5,0,1,'A'),(660,10,0,5,0,1,'A'),(661,11,0,5,0,1,'A'),(662,12,0,5,0,1,'A'),(663,13,0,5,0,1,'A'),(664,14,0,5,0,1,'B'),(665,15,0,5,0,1,'B'),(666,16,0,5,0,1,'B'),(667,17,0,5,0,1,'B'),(668,18,0,5,0,1,'B'),(669,19,0,5,0,1,'B'),(670,20,0,5,0,1,'B'),(671,21,0,5,0,1,'B'),(672,22,0,5,0,1,'B'),(673,23,0,5,0,1,'B'),(674,24,0,5,0,1,'B'),(675,25,0,5,0,1,'B'),(676,26,0,5,0,1,'B'),(677,27,0,5,0,1,'C'),(678,28,0,5,0,1,'C'),(679,29,0,5,0,1,'C'),(680,30,0,5,0,1,'C'),(681,31,0,5,0,1,'C'),(682,32,0,5,0,1,'C'),(683,33,0,5,0,1,'C'),(684,34,0,5,0,1,'C'),(685,35,0,5,0,1,'C'),(686,36,0,5,0,1,'C'),(687,37,0,5,0,1,'C'),(688,38,0,5,0,1,'C'),(689,39,0,5,0,1,'C'),(690,40,0,5,0,1,'D'),(691,41,0,5,0,1,'D'),(692,42,0,5,0,1,'D'),(693,43,0,5,0,1,'D'),(694,44,0,5,0,1,'D'),(695,45,0,5,0,1,'D'),(696,46,0,5,0,1,'D'),(697,47,0,5,0,1,'D'),(698,48,0,5,0,1,'D'),(699,49,0,5,0,1,'D'),(700,50,0,5,0,1,'D'),(701,51,0,5,0,1,'D'),(702,52,0,5,0,1,'D'),(703,53,0,5,0,1,'E'),(704,54,0,5,0,1,'E'),(705,55,0,5,0,1,'E'),(706,56,0,5,0,1,'E'),(707,57,0,5,0,1,'E'),(708,58,0,5,0,1,'E'),(709,59,0,5,0,1,'E'),(710,60,0,5,0,1,'E'),(711,61,0,5,0,1,'E'),(712,62,0,5,0,1,'E'),(713,63,0,5,0,1,'E'),(714,64,0,5,0,1,'E'),(715,65,0,5,0,1,'E'),(716,66,0,5,0,1,'F'),(717,67,0,5,0,1,'F'),(718,68,0,5,0,1,'F'),(719,69,0,5,0,1,'F'),(720,70,0,5,0,1,'F'),(721,71,0,5,0,1,'F'),(722,72,0,5,0,1,'F'),(723,73,0,5,0,1,'F'),(724,74,0,5,0,1,'F'),(725,75,0,5,0,1,'F'),(726,76,0,5,0,1,'F'),(727,77,0,5,0,1,'F'),(728,78,0,5,0,1,'F'),(729,79,0,5,0,1,'G'),(730,80,0,5,0,1,'G'),(731,81,0,5,0,1,'G'),(732,82,0,5,0,1,'G'),(733,83,0,5,0,1,'G'),(734,84,0,5,0,1,'G'),(735,85,0,5,0,1,'G'),(736,86,0,5,0,1,'G'),(737,87,0,5,0,1,'G'),(738,88,0,5,0,1,'G'),(739,89,0,5,0,1,'G'),(740,90,0,5,0,1,'G'),(741,91,0,5,0,1,'G'),(742,92,0,5,0,1,'H'),(743,93,0,5,0,1,'H'),(744,94,0,5,0,1,'H'),(745,95,0,5,0,1,'H'),(746,96,0,5,0,1,'H'),(747,97,0,5,0,1,'H'),(748,98,0,5,0,1,'H'),(749,99,0,5,0,1,'H'),(750,100,0,5,0,1,'H'),(751,101,0,5,0,1,'H'),(752,102,0,5,0,1,'H'),(753,103,0,5,0,1,'H'),(754,104,0,5,0,1,'H'),(755,105,0,5,0,1,'I'),(756,106,0,5,0,1,'I'),(757,107,0,5,0,1,'I'),(758,108,0,5,0,1,'I'),(759,109,0,5,0,1,'I'),(760,110,0,5,0,1,'I'),(761,111,0,5,0,1,'I'),(762,112,0,5,0,1,'I'),(763,113,0,5,0,1,'I'),(764,114,0,5,0,1,'I'),(765,115,0,5,0,1,'I'),(766,116,0,5,0,1,'I'),(767,117,0,5,0,1,'I'),(768,118,0,5,0,1,'J'),(769,119,0,5,0,1,'J'),(770,120,0,5,0,1,'J'),(771,121,0,5,0,1,'J'),(772,122,0,5,0,1,'J'),(773,123,0,5,0,1,'J'),(774,124,0,5,0,1,'J'),(775,125,0,5,0,1,'J'),(776,126,0,5,0,1,'J'),(777,127,0,5,0,1,'J'),(778,128,0,5,0,1,'J'),(779,129,0,5,0,1,'J'),(780,130,0,5,0,1,'J'),(781,131,0,5,0,1,'K'),(782,132,0,5,0,1,'K'),(783,133,0,5,0,1,'K'),(784,134,0,5,0,1,'K'),(785,135,0,5,0,1,'K'),(786,136,0,5,0,1,'K'),(787,137,0,5,0,1,'K'),(788,138,0,5,0,1,'K'),(789,139,0,5,0,1,'K'),(790,140,0,5,0,1,'K'),(791,141,0,5,0,1,'K'),(792,142,0,5,0,1,'K'),(793,143,0,5,0,1,'K'),(794,144,0,5,0,1,'L'),(795,145,0,5,0,1,'L'),(796,146,0,5,0,1,'L'),(797,147,0,5,0,1,'L'),(798,148,0,5,0,1,'L'),(799,149,0,5,0,1,'L'),(800,150,0,5,0,1,'L'),(801,151,0,5,0,1,'L'),(802,152,0,5,0,1,'L'),(803,153,0,5,0,1,'L'),(804,154,0,5,0,1,'L'),(805,155,0,5,0,1,'L'),(806,156,0,5,0,1,'L'),(807,157,0,5,0,1,'M'),(808,158,0,5,0,1,'M'),(809,159,0,5,0,1,'M'),(810,160,0,5,0,1,'M'),(811,161,0,5,0,1,'M'),(812,162,0,5,0,1,'M'),(813,163,0,5,0,1,'M'),(814,164,0,5,0,1,'M'),(815,165,0,5,0,1,'M'),(816,166,0,5,0,1,'M'),(817,167,0,5,0,1,'M'),(818,168,0,5,0,1,'M'),(819,169,0,5,0,1,'M'),(820,170,0,5,0,1,'N'),(821,171,0,5,0,1,'N'),(822,172,0,5,0,1,'N'),(823,173,0,5,0,1,'N'),(824,174,0,5,0,1,'N'),(825,175,0,5,0,1,'N'),(826,176,0,5,0,1,'N'),(827,177,0,5,0,1,'N'),(828,178,0,5,0,1,'N'),(829,179,0,5,0,1,'N'),(830,180,0,5,0,1,'N'),(831,181,0,5,0,1,'N'),(832,182,0,5,0,1,'N'),(833,183,0,5,0,1,'O'),(834,184,0,5,0,1,'O'),(835,185,0,5,0,1,'O'),(836,186,0,5,0,1,'O'),(837,187,0,5,0,1,'O'),(838,188,0,5,0,1,'O'),(839,189,0,5,0,1,'O'),(840,190,0,5,0,1,'O'),(841,191,0,5,0,1,'O'),(842,192,0,5,0,1,'O'),(843,193,0,5,0,1,'O'),(844,194,0,5,0,1,'O'),(845,195,0,5,0,1,'O'),(846,196,0,5,0,1,'P'),(847,197,0,5,0,1,'P'),(848,198,0,5,0,1,'P'),(849,199,0,5,0,1,'P'),(850,200,0,5,0,1,'P'),(851,1,0,6,0,1,'A'),(852,2,0,6,0,1,'A'),(853,3,0,6,0,1,'A'),(854,4,0,6,0,1,'A'),(855,5,0,6,0,1,'A'),(856,6,0,6,0,1,'A'),(857,7,0,6,0,1,'A'),(858,8,0,6,0,1,'A'),(859,9,0,6,0,1,'A'),(860,10,0,6,0,1,'A'),(861,11,0,6,0,1,'A'),(862,12,0,6,0,1,'A'),(863,13,0,6,0,1,'A'),(864,14,0,6,0,1,'B'),(865,15,0,6,0,1,'B'),(866,16,0,6,0,1,'B'),(867,17,0,6,0,1,'B'),(868,18,0,6,0,1,'B'),(869,19,0,6,0,1,'B'),(870,20,0,6,0,1,'B'),(871,21,0,6,0,1,'B'),(872,22,0,6,0,1,'B'),(873,23,0,6,0,1,'B'),(874,24,0,6,0,1,'B'),(875,25,0,6,0,1,'B'),(876,26,0,6,0,1,'B'),(877,27,0,6,0,1,'C'),(878,28,0,6,0,1,'C'),(879,29,0,6,0,1,'C'),(880,30,0,6,0,1,'C'),(881,31,0,6,0,1,'C'),(882,32,0,6,0,1,'C'),(883,33,0,6,0,1,'C'),(884,34,0,6,0,1,'C'),(885,35,0,6,0,1,'C'),(886,36,0,6,0,1,'C'),(887,37,0,6,0,1,'C'),(888,38,0,6,0,1,'C'),(889,39,0,6,0,1,'C'),(890,40,0,6,0,1,'D'),(891,41,0,6,0,1,'D'),(892,42,0,6,0,1,'D'),(893,43,0,6,0,1,'D'),(894,44,0,6,0,1,'D'),(895,45,0,6,0,1,'D'),(896,46,0,6,0,1,'D'),(897,47,0,6,0,1,'D'),(898,48,0,6,0,1,'D'),(899,49,0,6,0,1,'D'),(900,50,0,6,0,1,'D'),(901,51,0,6,0,1,'D'),(902,52,0,6,0,1,'D'),(903,53,0,6,0,1,'E'),(904,54,0,6,0,1,'E'),(905,55,0,6,0,1,'E'),(906,56,0,6,0,1,'E'),(907,57,0,6,0,1,'E'),(908,58,0,6,0,1,'E'),(909,59,0,6,0,1,'E'),(910,60,0,6,0,1,'E'),(911,61,0,6,0,1,'E'),(912,62,0,6,0,1,'E'),(913,63,0,6,0,1,'E'),(914,64,0,6,0,1,'E'),(915,65,0,6,0,1,'E'),(916,66,0,6,0,1,'F'),(917,67,0,6,0,1,'F'),(918,68,0,6,0,1,'F'),(919,69,0,6,0,1,'F'),(920,70,0,6,0,1,'F'),(921,71,0,6,0,1,'F'),(922,72,0,6,0,1,'F'),(923,73,0,6,0,1,'F'),(924,74,0,6,0,1,'F'),(925,75,0,6,0,1,'F'),(926,76,0,6,0,1,'F'),(927,77,0,6,0,1,'F'),(928,78,0,6,0,1,'F'),(929,79,0,6,0,1,'G'),(930,80,0,6,0,1,'G'),(931,81,0,6,0,1,'G'),(932,82,0,6,0,1,'G'),(933,83,0,6,0,1,'G'),(934,84,0,6,0,1,'G'),(935,85,0,6,0,1,'G'),(936,86,0,6,0,1,'G'),(937,87,0,6,0,1,'G'),(938,88,0,6,0,1,'G'),(939,89,0,6,0,1,'G'),(940,90,0,6,0,1,'G'),(941,91,0,6,0,1,'G'),(942,92,0,6,0,1,'H'),(943,93,0,6,0,1,'H'),(944,94,0,6,0,1,'H'),(945,95,0,6,0,1,'H'),(946,96,0,6,0,1,'H'),(947,97,0,6,0,1,'H'),(948,98,0,6,0,1,'H'),(949,99,0,6,0,1,'H'),(950,100,0,6,0,1,'H'),(951,101,0,6,0,1,'H'),(952,102,0,6,0,1,'H'),(953,103,0,6,0,1,'H'),(954,104,0,6,0,1,'H'),(955,105,0,6,0,1,'I'),(956,106,0,6,0,1,'I'),(957,107,0,6,0,1,'I'),(958,108,0,6,0,1,'I'),(959,109,0,6,0,1,'I'),(960,110,0,6,0,1,'I'),(961,111,0,6,0,1,'I'),(962,112,0,6,0,1,'I'),(963,113,0,6,0,1,'I'),(964,114,0,6,0,1,'I'),(965,115,0,6,0,1,'I'),(966,116,0,6,0,1,'I'),(967,117,0,6,0,1,'I'),(968,118,0,6,0,1,'J'),(969,119,0,6,0,1,'J'),(970,120,0,6,0,1,'J'),(971,121,0,6,0,1,'J'),(972,122,0,6,0,1,'J'),(973,123,0,6,0,1,'J'),(974,124,0,6,0,1,'J'),(975,125,0,6,0,1,'J'),(976,126,0,6,0,1,'J'),(977,127,0,6,0,1,'J'),(978,128,0,6,0,1,'J'),(979,129,0,6,0,1,'J'),(980,130,0,6,0,1,'J'),(981,131,0,6,0,1,'K'),(982,132,0,6,0,1,'K'),(983,133,0,6,0,1,'K'),(984,134,0,6,0,1,'K'),(985,135,0,6,0,1,'K'),(986,136,0,6,0,1,'K'),(987,137,0,6,0,1,'K'),(988,138,0,6,0,1,'K'),(989,139,0,6,0,1,'K'),(990,140,0,6,0,1,'K'),(991,141,0,6,0,1,'K'),(992,142,0,6,0,1,'K'),(993,143,0,6,0,1,'K'),(994,144,0,6,0,1,'L'),(995,145,0,6,0,1,'L'),(996,146,0,6,0,1,'L'),(997,147,0,6,0,1,'L'),(998,148,0,6,0,1,'L'),(999,149,0,6,0,1,'L'),(1000,150,0,6,0,1,'L'),(1001,151,0,6,0,1,'L'),(1002,152,0,6,0,1,'L'),(1003,153,0,6,0,1,'L'),(1004,154,0,6,0,1,'L'),(1005,155,0,6,0,1,'L'),(1006,156,0,6,0,1,'L'),(1007,157,0,6,0,1,'M'),(1008,158,0,6,0,1,'M'),(1009,159,0,6,0,1,'M'),(1010,160,0,6,0,1,'M'),(1011,161,0,6,0,1,'M'),(1012,162,0,6,0,1,'M'),(1013,163,0,6,0,1,'M'),(1014,164,0,6,0,1,'M'),(1015,165,0,6,0,1,'M'),(1016,166,0,6,0,1,'M'),(1017,167,0,6,0,1,'M'),(1018,168,0,6,0,1,'M'),(1019,169,0,6,0,1,'M'),(1020,170,0,6,0,1,'N'),(1021,171,0,6,0,1,'N'),(1022,172,0,6,0,1,'N'),(1023,173,0,6,0,1,'N'),(1024,174,0,6,0,1,'N'),(1025,175,0,6,0,1,'N'),(1026,176,0,6,0,1,'N'),(1027,177,0,6,0,1,'N'),(1028,178,0,6,0,1,'N'),(1029,179,0,6,0,1,'N'),(1030,180,0,6,0,1,'N'),(1031,181,0,6,0,1,'N'),(1032,182,0,6,0,1,'N'),(1033,183,0,6,0,1,'O'),(1034,184,0,6,0,1,'O'),(1035,185,0,6,0,1,'O'),(1036,186,0,6,0,1,'O'),(1037,187,0,6,0,1,'O'),(1038,188,0,6,0,1,'O'),(1039,189,0,6,0,1,'O'),(1040,190,0,6,0,1,'O'),(1041,191,0,6,0,1,'O'),(1042,192,0,6,0,1,'O'),(1043,193,0,6,0,1,'O'),(1044,194,0,6,0,1,'O'),(1045,195,0,6,0,1,'O'),(1046,196,0,6,0,1,'P'),(1047,197,0,6,0,1,'P'),(1048,198,0,6,0,1,'P'),(1049,199,0,6,0,1,'P'),(1050,200,0,6,0,1,'P'),(1051,1,0,7,0,1,'A'),(1052,2,0,7,0,1,'A'),(1053,3,0,7,0,1,'A'),(1054,4,0,7,0,1,'A'),(1055,5,0,7,0,1,'A'),(1056,6,0,7,0,1,'A'),(1057,7,0,7,0,1,'A'),(1058,8,0,7,0,1,'A'),(1059,9,0,7,0,1,'A'),(1060,10,0,7,0,1,'A'),(1061,11,0,7,0,1,'A'),(1062,12,0,7,0,1,'A'),(1063,13,0,7,0,1,'A'),(1064,14,0,7,0,1,'B'),(1065,15,0,7,0,1,'B'),(1066,16,0,7,0,1,'B'),(1067,17,0,7,0,1,'B'),(1068,18,0,7,0,1,'B'),(1069,19,0,7,0,1,'B'),(1070,20,0,7,0,1,'B'),(1071,21,0,7,0,1,'B'),(1072,22,0,7,0,1,'B'),(1073,23,0,7,0,1,'B'),(1074,24,0,7,0,1,'B'),(1075,25,0,7,0,1,'B'),(1076,26,0,7,0,1,'B'),(1077,27,0,7,0,1,'C'),(1078,28,0,7,0,1,'C'),(1079,29,0,7,0,1,'C'),(1080,30,0,7,0,1,'C'),(1081,31,0,7,0,1,'C'),(1082,32,0,7,0,1,'C'),(1083,33,0,7,0,1,'C'),(1084,34,0,7,0,1,'C'),(1085,35,0,7,0,1,'C'),(1086,36,0,7,0,1,'C'),(1087,37,0,7,0,1,'C'),(1088,38,0,7,0,1,'C'),(1089,39,0,7,0,1,'C'),(1090,40,0,7,0,1,'D'),(1091,41,0,7,0,1,'D'),(1092,42,0,7,0,1,'D'),(1093,43,0,7,0,1,'D'),(1094,44,0,7,0,1,'D'),(1095,45,0,7,0,1,'D'),(1096,46,0,7,0,1,'D'),(1097,47,0,7,0,1,'D'),(1098,48,0,7,0,1,'D'),(1099,49,0,7,0,1,'D'),(1100,50,0,7,0,1,'D'),(1101,51,0,7,0,1,'D'),(1102,52,0,7,0,1,'D'),(1103,53,0,7,0,1,'E'),(1104,54,0,7,0,1,'E'),(1105,55,0,7,0,1,'E'),(1106,56,0,7,0,1,'E'),(1107,57,0,7,0,1,'E'),(1108,58,0,7,0,1,'E'),(1109,59,0,7,0,1,'E'),(1110,60,0,7,0,1,'E'),(1111,61,0,7,0,1,'E'),(1112,62,0,7,0,1,'E'),(1113,63,0,7,0,1,'E'),(1114,64,0,7,0,1,'E'),(1115,65,0,7,0,1,'E'),(1116,66,0,7,0,1,'F'),(1117,67,0,7,0,1,'F'),(1118,68,0,7,0,1,'F'),(1119,69,0,7,0,1,'F'),(1120,70,0,7,0,1,'F'),(1121,71,0,7,0,1,'F'),(1122,72,0,7,0,1,'F'),(1123,73,0,7,0,1,'F'),(1124,74,0,7,0,1,'F'),(1125,75,0,7,0,1,'F'),(1126,76,0,7,0,1,'F'),(1127,77,0,7,0,1,'F'),(1128,78,0,7,0,1,'F'),(1129,79,0,7,0,1,'G'),(1130,80,0,7,0,1,'G'),(1131,81,0,7,0,1,'G'),(1132,82,0,7,0,1,'G'),(1133,83,0,7,0,1,'G'),(1134,84,0,7,0,1,'G'),(1135,85,0,7,0,1,'G'),(1136,86,0,7,0,1,'G'),(1137,87,0,7,0,1,'G'),(1138,88,0,7,0,1,'G'),(1139,89,0,7,0,1,'G'),(1140,90,0,7,0,1,'G'),(1141,91,0,7,0,1,'G'),(1142,92,0,7,0,1,'H'),(1143,93,0,7,0,1,'H'),(1144,94,0,7,0,1,'H'),(1145,95,0,7,0,1,'H'),(1146,96,0,7,0,1,'H'),(1147,97,0,7,0,1,'H'),(1148,98,0,7,0,1,'H'),(1149,99,0,7,0,1,'H'),(1150,100,0,7,0,1,'H'),(1151,101,0,7,0,1,'H'),(1152,102,0,7,0,1,'H'),(1153,103,0,7,0,1,'H'),(1154,104,0,7,0,1,'H'),(1155,105,0,7,0,1,'I'),(1156,106,0,7,0,1,'I'),(1157,107,0,7,0,1,'I'),(1158,108,0,7,0,1,'I'),(1159,109,0,7,0,1,'I'),(1160,110,0,7,0,1,'I'),(1161,111,0,7,0,1,'I'),(1162,112,0,7,0,1,'I'),(1163,113,0,7,0,1,'I'),(1164,114,0,7,0,1,'I'),(1165,115,0,7,0,1,'I'),(1166,116,0,7,0,1,'I'),(1167,117,0,7,0,1,'I'),(1168,118,0,7,0,1,'J'),(1169,119,0,7,0,1,'J'),(1170,120,0,7,0,1,'J'),(1171,121,0,7,0,1,'J'),(1172,122,0,7,0,1,'J'),(1173,123,0,7,0,1,'J'),(1174,124,0,7,0,1,'J'),(1175,125,0,7,0,1,'J'),(1176,126,0,7,0,1,'J'),(1177,127,0,7,0,1,'J'),(1178,128,0,7,0,1,'J'),(1179,129,0,7,0,1,'J'),(1180,130,0,7,0,1,'J'),(1181,131,0,7,0,1,'K'),(1182,132,0,7,0,1,'K'),(1183,133,0,7,0,1,'K'),(1184,134,0,7,0,1,'K'),(1185,135,0,7,0,1,'K'),(1186,136,0,7,0,1,'K'),(1187,137,0,7,0,1,'K'),(1188,138,0,7,0,1,'K'),(1189,139,0,7,0,1,'K'),(1190,140,0,7,0,1,'K'),(1191,141,0,7,0,1,'K'),(1192,142,0,7,0,1,'K'),(1193,143,0,7,0,1,'K'),(1194,144,0,7,0,1,'L'),(1195,145,0,7,0,1,'L'),(1196,146,0,7,0,1,'L'),(1197,147,0,7,0,1,'L'),(1198,148,0,7,0,1,'L'),(1199,149,0,7,0,1,'L'),(1200,150,0,7,0,1,'L'),(1201,151,0,7,0,1,'L'),(1202,152,0,7,0,1,'L'),(1203,153,0,7,0,1,'L'),(1204,154,0,7,0,1,'L'),(1205,155,0,7,0,1,'L'),(1206,156,0,7,0,1,'L'),(1207,157,0,7,0,1,'M'),(1208,158,0,7,0,1,'M'),(1209,159,0,7,0,1,'M'),(1210,160,0,7,0,1,'M'),(1211,161,0,7,0,1,'M'),(1212,162,0,7,0,1,'M'),(1213,163,0,7,0,1,'M'),(1214,164,0,7,0,1,'M'),(1215,165,0,7,0,1,'M'),(1216,166,0,7,0,1,'M'),(1217,167,0,7,0,1,'M'),(1218,168,0,7,0,1,'M'),(1219,169,0,7,0,1,'M'),(1220,170,0,7,0,1,'N'),(1221,171,0,7,0,1,'N'),(1222,172,0,7,0,1,'N'),(1223,173,0,7,0,1,'N'),(1224,174,0,7,0,1,'N'),(1225,175,0,7,0,1,'N'),(1226,176,0,7,0,1,'N'),(1227,177,0,7,0,1,'N'),(1228,178,0,7,0,1,'N'),(1229,179,0,7,0,1,'N'),(1230,180,0,7,0,1,'N'),(1231,181,0,7,0,1,'N'),(1232,182,0,7,0,1,'N'),(1233,183,0,7,0,1,'O'),(1234,184,0,7,0,1,'O'),(1235,185,0,7,0,1,'O'),(1236,186,0,7,0,1,'O'),(1237,187,0,7,0,1,'O'),(1238,188,0,7,0,1,'O'),(1239,189,0,7,0,1,'O'),(1240,190,0,7,0,1,'O'),(1241,191,0,7,0,1,'O'),(1242,192,0,7,0,1,'O'),(1243,193,0,7,0,1,'O'),(1244,194,0,7,0,1,'O'),(1245,195,0,7,0,1,'O'),(1246,196,0,7,0,1,'P'),(1247,197,0,7,0,1,'P'),(1248,198,0,7,0,1,'P'),(1249,199,0,7,0,1,'P'),(1250,200,0,7,0,1,'P'),(1251,1,0,8,0,1,'A'),(1252,2,0,8,0,1,'A'),(1253,3,0,8,0,1,'A'),(1254,4,0,8,0,1,'A'),(1255,5,0,8,0,1,'A'),(1256,6,0,8,0,1,'A'),(1257,7,0,8,0,1,'A'),(1258,8,0,8,0,1,'A'),(1259,9,0,8,0,1,'A'),(1260,10,0,8,0,1,'A'),(1261,11,0,8,0,1,'A'),(1262,12,0,8,0,1,'A'),(1263,13,0,8,0,1,'A'),(1264,14,0,8,0,1,'B'),(1265,15,0,8,0,1,'B'),(1266,16,0,8,0,1,'B'),(1267,17,0,8,0,1,'B'),(1268,18,0,8,0,1,'B'),(1269,19,0,8,0,1,'B'),(1270,20,0,8,0,1,'B'),(1271,21,0,8,0,1,'B'),(1272,22,0,8,0,1,'B'),(1273,23,0,8,0,1,'B'),(1274,24,0,8,0,1,'B'),(1275,25,0,8,0,1,'B'),(1276,26,0,8,0,1,'B'),(1277,27,0,8,0,1,'C'),(1278,28,0,8,0,1,'C'),(1279,29,0,8,0,1,'C'),(1280,30,0,8,0,1,'C'),(1281,31,0,8,0,1,'C'),(1282,32,0,8,0,1,'C'),(1283,33,0,8,0,1,'C'),(1284,34,0,8,0,1,'C'),(1285,35,0,8,0,1,'C'),(1286,36,0,8,0,1,'C'),(1287,37,0,8,0,1,'C'),(1288,38,0,8,0,1,'C'),(1289,39,0,8,0,1,'C'),(1290,40,0,8,0,1,'D'),(1291,41,0,8,0,1,'D'),(1292,42,0,8,0,1,'D'),(1293,43,0,8,0,1,'D'),(1294,44,0,8,0,1,'D'),(1295,45,0,8,0,1,'D'),(1296,46,0,8,0,1,'D'),(1297,47,0,8,0,1,'D'),(1298,48,0,8,0,1,'D'),(1299,49,0,8,0,1,'D'),(1300,50,0,8,0,1,'D'),(1301,51,0,8,0,1,'D'),(1302,52,0,8,0,1,'D'),(1303,53,0,8,0,1,'E'),(1304,54,0,8,0,1,'E'),(1305,55,0,8,0,1,'E'),(1306,56,0,8,0,1,'E'),(1307,57,0,8,0,1,'E'),(1308,58,0,8,0,1,'E'),(1309,59,0,8,0,1,'E'),(1310,60,0,8,0,1,'E'),(1311,61,0,8,0,1,'E'),(1312,62,0,8,0,1,'E'),(1313,63,0,8,0,1,'E'),(1314,64,0,8,0,1,'E'),(1315,65,0,8,0,1,'E'),(1316,66,0,8,0,1,'F'),(1317,67,0,8,0,1,'F'),(1318,68,0,8,0,1,'F'),(1319,69,0,8,0,1,'F'),(1320,70,0,8,0,1,'F'),(1321,71,0,8,0,1,'F'),(1322,72,0,8,0,1,'F'),(1323,73,0,8,0,1,'F'),(1324,74,0,8,0,1,'F'),(1325,75,0,8,0,1,'F'),(1326,76,0,8,0,1,'F'),(1327,77,0,8,0,1,'F'),(1328,78,0,8,0,1,'F'),(1329,79,0,8,0,1,'G'),(1330,80,0,8,0,1,'G'),(1331,81,0,8,0,1,'G'),(1332,82,0,8,0,1,'G'),(1333,83,0,8,0,1,'G'),(1334,84,0,8,0,1,'G'),(1335,85,0,8,0,1,'G'),(1336,86,0,8,0,1,'G'),(1337,87,0,8,0,1,'G'),(1338,88,0,8,0,1,'G'),(1339,89,0,8,0,1,'G'),(1340,90,0,8,0,1,'G'),(1341,91,0,8,0,1,'G'),(1342,92,0,8,0,1,'H'),(1343,93,0,8,0,1,'H'),(1344,94,0,8,0,1,'H'),(1345,95,0,8,0,1,'H'),(1346,96,0,8,0,1,'H'),(1347,97,0,8,0,1,'H'),(1348,98,0,8,0,1,'H'),(1349,99,0,8,0,1,'H'),(1350,100,0,8,0,1,'H'),(1351,101,0,8,0,1,'H'),(1352,102,0,8,0,1,'H'),(1353,103,0,8,0,1,'H'),(1354,104,0,8,0,1,'H'),(1355,105,0,8,0,1,'I'),(1356,106,0,8,0,1,'I'),(1357,107,0,8,0,1,'I'),(1358,108,0,8,0,1,'I'),(1359,109,0,8,0,1,'I'),(1360,110,0,8,0,1,'I'),(1361,111,0,8,0,1,'I'),(1362,112,0,8,0,1,'I'),(1363,113,0,8,0,1,'I'),(1364,114,0,8,0,1,'I'),(1365,115,0,8,0,1,'I'),(1366,116,0,8,0,1,'I'),(1367,117,0,8,0,1,'I'),(1368,118,0,8,0,1,'J'),(1369,119,0,8,0,1,'J'),(1370,120,0,8,0,1,'J'),(1371,121,0,8,0,1,'J'),(1372,122,0,8,0,1,'J'),(1373,123,0,8,0,1,'J'),(1374,124,0,8,0,1,'J'),(1375,125,0,8,0,1,'J'),(1376,126,0,8,0,1,'J'),(1377,127,0,8,0,1,'J'),(1378,128,0,8,0,1,'J'),(1379,129,0,8,0,1,'J'),(1380,130,0,8,0,1,'J'),(1381,131,0,8,0,1,'K'),(1382,132,0,8,0,1,'K'),(1383,133,0,8,0,1,'K'),(1384,134,0,8,0,1,'K'),(1385,135,0,8,0,1,'K'),(1386,136,0,8,0,1,'K'),(1387,137,0,8,0,1,'K'),(1388,138,0,8,0,1,'K'),(1389,139,0,8,0,1,'K'),(1390,140,0,8,0,1,'K'),(1391,141,0,8,0,1,'K'),(1392,142,0,8,0,1,'K'),(1393,143,0,8,0,1,'K'),(1394,144,0,8,0,1,'L'),(1395,145,0,8,0,1,'L'),(1396,146,0,8,0,1,'L'),(1397,147,0,8,0,1,'L'),(1398,148,0,8,0,1,'L'),(1399,149,0,8,0,1,'L'),(1400,150,0,8,0,1,'L'),(1401,151,0,8,0,1,'L'),(1402,152,0,8,0,1,'L'),(1403,153,0,8,0,1,'L'),(1404,154,0,8,0,1,'L'),(1405,155,0,8,0,1,'L'),(1406,156,0,8,0,1,'L'),(1407,157,0,8,0,1,'M'),(1408,158,0,8,0,1,'M'),(1409,159,0,8,0,1,'M'),(1410,160,0,8,0,1,'M'),(1411,161,0,8,0,1,'M'),(1412,162,0,8,0,1,'M'),(1413,163,0,8,0,1,'M'),(1414,164,0,8,0,1,'M'),(1415,165,0,8,0,1,'M'),(1416,166,0,8,0,1,'M'),(1417,167,0,8,0,1,'M'),(1418,168,0,8,0,1,'M'),(1419,169,0,8,0,1,'M'),(1420,170,0,8,0,1,'N'),(1421,171,0,8,0,1,'N'),(1422,172,0,8,0,1,'N'),(1423,173,0,8,0,1,'N'),(1424,174,0,8,0,1,'N'),(1425,175,0,8,0,1,'N'),(1426,176,0,8,0,1,'N'),(1427,177,0,8,0,1,'N'),(1428,178,0,8,0,1,'N'),(1429,179,0,8,0,1,'N'),(1430,180,0,8,0,1,'N'),(1431,181,0,8,0,1,'N'),(1432,182,0,8,0,1,'N'),(1433,183,0,8,0,1,'O'),(1434,184,0,8,0,1,'O'),(1435,185,0,8,0,1,'O'),(1436,186,0,8,0,1,'O'),(1437,187,0,8,0,1,'O'),(1438,188,0,8,0,1,'O'),(1439,189,0,8,0,1,'O'),(1440,190,0,8,0,1,'O'),(1441,191,0,8,0,1,'O'),(1442,192,0,8,0,1,'O'),(1443,193,0,8,0,1,'O'),(1444,194,0,8,0,1,'O'),(1445,195,0,8,0,1,'O'),(1446,196,0,8,0,1,'P'),(1447,197,0,8,0,1,'P'),(1448,198,0,8,0,1,'P'),(1449,199,0,8,0,1,'P'),(1450,200,0,8,0,1,'P'),(1451,1,0,9,0,1,'A'),(1452,2,0,9,0,1,'A'),(1453,3,0,9,0,1,'A'),(1454,4,0,9,0,1,'A'),(1455,5,0,9,0,1,'A'),(1456,6,0,9,0,1,'A'),(1457,7,0,9,0,1,'A'),(1458,8,0,9,0,1,'A'),(1459,9,0,9,0,1,'A'),(1460,10,0,9,0,1,'A'),(1461,11,0,9,0,1,'A'),(1462,12,0,9,0,1,'A'),(1463,13,0,9,0,1,'A'),(1464,14,0,9,0,1,'B'),(1465,15,0,9,0,1,'B'),(1466,16,0,9,0,1,'B'),(1467,17,0,9,0,1,'B'),(1468,18,0,9,0,1,'B'),(1469,19,0,9,0,1,'B'),(1470,20,0,9,0,1,'B'),(1471,21,0,9,0,1,'B'),(1472,22,0,9,0,1,'B'),(1473,23,0,9,0,1,'B'),(1474,24,0,9,0,1,'B'),(1475,25,0,9,0,1,'B'),(1476,26,0,9,0,1,'B'),(1477,27,0,9,0,1,'C'),(1478,28,0,9,0,1,'C'),(1479,29,0,9,0,1,'C'),(1480,30,0,9,0,1,'C'),(1481,31,0,9,0,1,'C'),(1482,32,0,9,0,1,'C'),(1483,33,0,9,0,1,'C'),(1484,34,0,9,0,1,'C'),(1485,35,0,9,0,1,'C'),(1486,36,0,9,0,1,'C'),(1487,37,0,9,0,1,'C'),(1488,38,0,9,0,1,'C'),(1489,39,0,9,0,1,'C'),(1490,40,0,9,0,1,'D'),(1491,41,0,9,0,1,'D'),(1492,42,0,9,0,1,'D'),(1493,43,0,9,0,1,'D'),(1494,44,0,9,0,1,'D'),(1495,45,0,9,0,1,'D'),(1496,46,0,9,0,1,'D'),(1497,47,0,9,0,1,'D'),(1498,48,0,9,0,1,'D'),(1499,49,0,9,0,1,'D'),(1500,50,0,9,0,1,'D'),(1501,51,0,9,0,1,'D'),(1502,52,0,9,0,1,'D'),(1503,53,0,9,0,1,'E'),(1504,54,0,9,0,1,'E'),(1505,55,0,9,0,1,'E'),(1506,56,0,9,0,1,'E'),(1507,57,0,9,0,1,'E'),(1508,58,0,9,0,1,'E'),(1509,59,0,9,0,1,'E'),(1510,60,0,9,0,1,'E'),(1511,61,0,9,0,1,'E'),(1512,62,0,9,0,1,'E'),(1513,63,0,9,0,1,'E'),(1514,64,0,9,0,1,'E'),(1515,65,0,9,0,1,'E'),(1516,66,0,9,0,1,'F'),(1517,67,0,9,0,1,'F'),(1518,68,0,9,0,1,'F'),(1519,69,0,9,0,1,'F'),(1520,70,0,9,0,1,'F'),(1521,71,0,9,0,1,'F'),(1522,72,0,9,0,1,'F'),(1523,73,0,9,0,1,'F'),(1524,74,0,9,0,1,'F'),(1525,75,0,9,0,1,'F'),(1526,76,0,9,0,1,'F'),(1527,77,0,9,0,1,'F'),(1528,78,0,9,0,1,'F'),(1529,79,0,9,0,1,'G'),(1530,80,0,9,0,1,'G'),(1531,81,0,9,0,1,'G'),(1532,82,0,9,0,1,'G'),(1533,83,0,9,0,1,'G'),(1534,84,0,9,0,1,'G'),(1535,85,0,9,0,1,'G'),(1536,86,0,9,0,1,'G'),(1537,87,0,9,0,1,'G'),(1538,88,0,9,0,1,'G'),(1539,89,0,9,0,1,'G'),(1540,90,0,9,0,1,'G'),(1541,91,0,9,0,1,'G'),(1542,92,0,9,0,1,'H'),(1543,93,0,9,0,1,'H'),(1544,94,0,9,0,1,'H'),(1545,95,0,9,0,1,'H'),(1546,96,0,9,0,1,'H'),(1547,97,0,9,0,1,'H'),(1548,98,0,9,0,1,'H'),(1549,99,0,9,0,1,'H'),(1550,100,0,9,0,1,'H'),(1551,101,0,9,0,1,'H'),(1552,102,0,9,0,1,'H'),(1553,103,0,9,0,1,'H'),(1554,104,0,9,0,1,'H'),(1555,105,0,9,0,1,'I'),(1556,106,0,9,0,1,'I'),(1557,107,0,9,0,1,'I'),(1558,108,0,9,0,1,'I'),(1559,109,0,9,0,1,'I'),(1560,110,0,9,0,1,'I'),(1561,111,0,9,0,1,'I'),(1562,112,0,9,0,1,'I'),(1563,113,0,9,0,1,'I'),(1564,114,0,9,0,1,'I'),(1565,115,0,9,0,1,'I'),(1566,116,0,9,0,1,'I'),(1567,117,0,9,0,1,'I'),(1568,118,0,9,0,1,'J'),(1569,119,0,9,0,1,'J'),(1570,120,0,9,0,1,'J'),(1571,121,0,9,0,1,'J'),(1572,122,0,9,0,1,'J'),(1573,123,0,9,0,1,'J'),(1574,124,0,9,0,1,'J'),(1575,125,0,9,0,1,'J'),(1576,126,0,9,0,1,'J'),(1577,127,0,9,0,1,'J'),(1578,128,0,9,0,1,'J'),(1579,129,0,9,0,1,'J'),(1580,130,0,9,0,1,'J'),(1581,131,0,9,0,1,'K'),(1582,132,0,9,0,1,'K'),(1583,133,0,9,0,1,'K'),(1584,134,0,9,0,1,'K'),(1585,135,0,9,0,1,'K'),(1586,136,0,9,0,1,'K'),(1587,137,0,9,0,1,'K'),(1588,138,0,9,0,1,'K'),(1589,139,0,9,0,1,'K'),(1590,140,0,9,0,1,'K'),(1591,141,0,9,0,1,'K'),(1592,142,0,9,0,1,'K'),(1593,143,0,9,0,1,'K'),(1594,144,0,9,0,1,'L'),(1595,145,0,9,0,1,'L'),(1596,146,0,9,0,1,'L'),(1597,147,0,9,0,1,'L'),(1598,148,0,9,0,1,'L'),(1599,149,0,9,0,1,'L'),(1600,150,0,9,0,1,'L'),(1601,151,0,9,0,1,'L'),(1602,152,0,9,0,1,'L'),(1603,153,0,9,0,1,'L'),(1604,154,0,9,0,1,'L'),(1605,155,0,9,0,1,'L'),(1606,156,0,9,0,1,'L'),(1607,157,0,9,0,1,'M'),(1608,158,0,9,0,1,'M'),(1609,159,0,9,0,1,'M'),(1610,160,0,9,0,1,'M'),(1611,161,0,9,0,1,'M'),(1612,162,0,9,0,1,'M'),(1613,163,0,9,0,1,'M'),(1614,164,0,9,0,1,'M'),(1615,165,0,9,0,1,'M'),(1616,166,0,9,0,1,'M'),(1617,167,0,9,0,1,'M'),(1618,168,0,9,0,1,'M'),(1619,169,0,9,0,1,'M'),(1620,170,0,9,0,1,'N'),(1621,171,0,9,0,1,'N'),(1622,172,0,9,0,1,'N'),(1623,173,0,9,0,1,'N'),(1624,174,0,9,0,1,'N'),(1625,175,0,9,0,1,'N'),(1626,176,0,9,0,1,'N'),(1627,177,0,9,0,1,'N'),(1628,178,0,9,0,1,'N'),(1629,179,0,9,0,1,'N'),(1630,180,0,9,0,1,'N'),(1631,181,0,9,0,1,'N'),(1632,182,0,9,0,1,'N'),(1633,183,0,9,0,1,'O'),(1634,184,0,9,0,1,'O'),(1635,185,0,9,0,1,'O'),(1636,186,0,9,0,1,'O'),(1637,187,0,9,0,1,'O'),(1638,188,0,9,0,1,'O'),(1639,189,0,9,0,1,'O'),(1640,190,0,9,0,1,'O'),(1641,191,0,9,0,1,'O'),(1642,192,0,9,0,1,'O'),(1643,193,0,9,0,1,'O'),(1644,194,0,9,0,1,'O'),(1645,195,0,9,0,1,'O'),(1646,196,0,9,0,1,'P'),(1647,197,0,9,0,1,'P'),(1648,198,0,9,0,1,'P'),(1649,199,0,9,0,1,'P'),(1650,200,0,9,0,1,'P'),(1651,1,0,10,0,1,'A'),(1652,2,0,10,0,1,'A'),(1653,3,0,10,0,1,'A'),(1654,4,0,10,0,1,'A'),(1655,5,0,10,0,1,'A'),(1656,6,0,10,0,1,'A'),(1657,7,0,10,0,1,'A'),(1658,8,0,10,0,1,'A'),(1659,9,0,10,0,1,'A'),(1660,10,0,10,0,1,'A'),(1661,11,0,10,0,1,'A'),(1662,12,0,10,0,1,'A'),(1663,13,0,10,0,1,'A'),(1664,14,0,10,0,1,'B'),(1665,15,0,10,0,1,'B'),(1666,16,0,10,0,1,'B'),(1667,17,0,10,0,1,'B'),(1668,18,0,10,0,1,'B'),(1669,19,0,10,0,1,'B'),(1670,20,0,10,0,1,'B'),(1671,21,0,10,0,1,'B'),(1672,22,0,10,0,1,'B'),(1673,23,0,10,0,1,'B'),(1674,24,0,10,0,1,'B'),(1675,25,0,10,0,1,'B'),(1676,26,0,10,0,1,'B'),(1677,27,0,10,0,1,'C'),(1678,28,0,10,0,1,'C'),(1679,29,0,10,0,1,'C'),(1680,30,0,10,0,1,'C'),(1681,31,0,10,0,1,'C'),(1682,32,0,10,0,1,'C'),(1683,33,0,10,0,1,'C'),(1684,34,0,10,0,1,'C'),(1685,35,0,10,0,1,'C'),(1686,36,0,10,0,1,'C'),(1687,37,0,10,0,1,'C'),(1688,38,0,10,0,1,'C'),(1689,39,0,10,0,1,'C'),(1690,40,0,10,0,1,'D'),(1691,41,0,10,0,1,'D'),(1692,42,0,10,0,1,'D'),(1693,43,0,10,0,1,'D'),(1694,44,0,10,0,1,'D'),(1695,45,0,10,0,1,'D'),(1696,46,0,10,0,1,'D'),(1697,47,0,10,0,1,'D'),(1698,48,0,10,0,1,'D'),(1699,49,0,10,0,1,'D'),(1700,50,0,10,0,1,'D'),(1701,51,0,10,0,1,'D'),(1702,52,0,10,0,1,'D'),(1703,53,0,10,0,1,'E'),(1704,54,0,10,0,1,'E'),(1705,55,0,10,0,1,'E'),(1706,56,0,10,0,1,'E'),(1707,57,0,10,0,1,'E'),(1708,58,0,10,0,1,'E'),(1709,59,0,10,0,1,'E'),(1710,60,0,10,0,1,'E'),(1711,61,0,10,0,1,'E'),(1712,62,0,10,0,1,'E'),(1713,63,0,10,0,1,'E'),(1714,64,0,10,0,1,'E'),(1715,65,0,10,0,1,'E'),(1716,66,0,10,0,1,'F'),(1717,67,0,10,0,1,'F'),(1718,68,0,10,0,1,'F'),(1719,69,0,10,0,1,'F'),(1720,70,0,10,0,1,'F'),(1721,71,0,10,0,1,'F'),(1722,72,0,10,0,1,'F'),(1723,73,0,10,0,1,'F'),(1724,74,0,10,0,1,'F'),(1725,75,0,10,0,1,'F'),(1726,76,0,10,0,1,'F'),(1727,77,0,10,0,1,'F'),(1728,78,0,10,0,1,'F'),(1729,79,0,10,0,1,'G'),(1730,80,0,10,0,1,'G'),(1731,81,0,10,0,1,'G'),(1732,82,0,10,0,1,'G'),(1733,83,0,10,0,1,'G'),(1734,84,0,10,0,1,'G'),(1735,85,0,10,0,1,'G'),(1736,86,0,10,0,1,'G'),(1737,87,0,10,0,1,'G'),(1738,88,0,10,0,1,'G'),(1739,89,0,10,0,1,'G'),(1740,90,0,10,0,1,'G'),(1741,91,0,10,0,1,'G'),(1742,92,0,10,0,1,'H'),(1743,93,0,10,0,1,'H'),(1744,94,0,10,0,1,'H'),(1745,95,0,10,0,1,'H'),(1746,96,0,10,0,1,'H'),(1747,97,0,10,0,1,'H'),(1748,98,0,10,0,1,'H'),(1749,99,0,10,0,1,'H'),(1750,100,0,10,0,1,'H'),(1751,101,0,10,0,1,'H'),(1752,102,0,10,0,1,'H'),(1753,103,0,10,0,1,'H'),(1754,104,0,10,0,1,'H'),(1755,105,0,10,0,1,'I'),(1756,106,0,10,0,1,'I'),(1757,107,0,10,0,1,'I'),(1758,108,0,10,0,1,'I'),(1759,109,0,10,0,1,'I'),(1760,110,0,10,0,1,'I'),(1761,111,0,10,0,1,'I'),(1762,112,0,10,0,1,'I'),(1763,113,0,10,0,1,'I'),(1764,114,0,10,0,1,'I'),(1765,115,0,10,0,1,'I'),(1766,116,0,10,0,1,'I'),(1767,117,0,10,0,1,'I'),(1768,118,0,10,0,1,'J'),(1769,119,0,10,0,1,'J'),(1770,120,0,10,0,1,'J'),(1771,121,0,10,0,1,'J'),(1772,122,0,10,0,1,'J'),(1773,123,0,10,0,1,'J'),(1774,124,0,10,0,1,'J'),(1775,125,0,10,0,1,'J'),(1776,126,0,10,0,1,'J'),(1777,127,0,10,0,1,'J'),(1778,128,0,10,0,1,'J'),(1779,129,0,10,0,1,'J'),(1780,130,0,10,0,1,'J'),(1781,131,0,10,0,1,'K'),(1782,132,0,10,0,1,'K'),(1783,133,0,10,0,1,'K'),(1784,134,0,10,0,1,'K'),(1785,135,0,10,0,1,'K'),(1786,136,0,10,0,1,'K'),(1787,137,0,10,0,1,'K'),(1788,138,0,10,0,1,'K'),(1789,139,0,10,0,1,'K'),(1790,140,0,10,0,1,'K'),(1791,141,0,10,0,1,'K'),(1792,142,0,10,0,1,'K'),(1793,143,0,10,0,1,'K'),(1794,144,0,10,0,1,'L'),(1795,145,0,10,0,1,'L'),(1796,146,0,10,0,1,'L'),(1797,147,0,10,0,1,'L'),(1798,148,0,10,0,1,'L'),(1799,149,0,10,0,1,'L'),(1800,150,0,10,0,1,'L'),(1801,151,0,10,0,1,'L'),(1802,152,0,10,0,1,'L'),(1803,153,0,10,0,1,'L'),(1804,154,0,10,0,1,'L'),(1805,155,0,10,0,1,'L'),(1806,156,0,10,0,1,'L'),(1807,157,0,10,0,1,'M'),(1808,158,0,10,0,1,'M'),(1809,159,0,10,0,1,'M'),(1810,160,0,10,0,1,'M'),(1811,161,0,10,0,1,'M'),(1812,162,0,10,0,1,'M'),(1813,163,0,10,0,1,'M'),(1814,164,0,10,0,1,'M'),(1815,165,0,10,0,1,'M'),(1816,166,0,10,0,1,'M'),(1817,167,0,10,0,1,'M'),(1818,168,0,10,0,1,'M'),(1819,169,0,10,0,1,'M'),(1820,170,0,10,0,1,'N'),(1821,171,0,10,0,1,'N'),(1822,172,0,10,0,1,'N'),(1823,173,0,10,0,1,'N'),(1824,174,0,10,0,1,'N'),(1825,175,0,10,0,1,'N'),(1826,176,0,10,0,1,'N'),(1827,177,0,10,0,1,'N'),(1828,178,0,10,0,1,'N'),(1829,179,0,10,0,1,'N'),(1830,180,0,10,0,1,'N'),(1831,181,0,10,0,1,'N'),(1832,182,0,10,0,1,'N'),(1833,183,0,10,0,1,'O'),(1834,184,0,10,0,1,'O'),(1835,185,0,10,0,1,'O'),(1836,186,0,10,0,1,'O'),(1837,187,0,10,0,1,'O'),(1838,188,0,10,0,1,'O'),(1839,189,0,10,0,1,'O'),(1840,190,0,10,0,1,'O'),(1841,191,0,10,0,1,'O'),(1842,192,0,10,0,1,'O'),(1843,193,0,10,0,1,'O'),(1844,194,0,10,0,1,'O'),(1845,195,0,10,0,1,'O'),(1846,196,0,10,0,1,'P'),(1847,197,0,10,0,1,'P'),(1848,198,0,10,0,1,'P'),(1849,199,0,10,0,1,'P'),(1850,200,0,10,0,1,'P'),(1851,1,0,12,0,1,'A'),(1852,2,0,12,0,1,'A'),(1853,3,0,12,0,1,'A'),(1854,4,0,12,0,1,'A'),(1855,5,0,12,0,1,'A'),(1856,6,0,12,0,1,'A'),(1857,7,0,12,0,1,'A'),(1858,8,0,12,0,1,'A'),(1859,9,0,12,0,1,'A'),(1860,10,0,12,0,1,'A'),(1861,11,0,12,0,1,'A'),(1862,12,0,12,0,1,'A'),(1863,13,0,12,0,1,'A'),(1864,14,0,12,0,1,'B'),(1865,15,0,12,0,1,'B'),(1866,16,0,12,0,1,'B'),(1867,17,0,12,0,1,'B'),(1868,18,0,12,0,1,'B'),(1869,19,0,12,0,1,'B'),(1870,20,0,12,0,1,'B'),(1871,1,0,13,0,1,'A'),(1872,2,0,13,0,1,'A'),(1873,3,0,13,0,1,'A'),(1874,4,0,13,0,1,'A'),(1875,5,0,13,0,1,'A'),(1876,6,0,13,0,1,'A'),(1877,7,0,13,0,1,'A'),(1878,8,0,13,0,1,'A'),(1879,9,0,13,0,1,'A'),(1880,10,0,13,0,1,'A'),(1881,1,0,14,0,1,'A'),(1882,2,0,14,0,1,'A'),(1883,3,0,14,0,1,'A'),(1884,4,0,14,0,1,'A'),(1885,5,0,14,0,1,'A'),(1886,6,0,14,0,1,'A'),(1887,7,0,14,0,1,'A'),(1888,8,0,14,0,1,'A'),(1889,9,0,14,0,1,'A'),(1890,10,0,14,0,1,'A'),(1891,11,0,14,0,1,'A'),(1892,12,0,14,0,1,'A'),(1893,13,0,14,0,1,'A'),(1894,14,0,14,0,1,'B'),(1895,15,0,14,0,1,'B'),(1896,16,0,14,0,1,'B'),(1897,17,0,14,0,1,'B'),(1898,18,0,14,0,1,'B'),(1899,19,0,14,0,1,'B'),(1900,20,0,14,0,1,'B'),(1901,21,0,14,0,1,'B'),(1902,22,0,14,0,1,'B'),(1903,23,0,14,0,1,'B'),(1904,24,0,14,0,1,'B'),(1905,25,0,14,0,1,'B'),(1906,26,0,14,0,1,'B'),(1907,27,0,14,0,1,'C'),(1908,28,0,14,0,1,'C'),(1909,29,0,14,0,1,'C'),(1910,30,0,14,0,1,'C'),(1911,1,0,15,0,1,'A'),(1912,2,0,15,0,1,'A'),(1913,3,0,15,0,1,'A'),(1914,4,0,15,0,1,'A'),(1915,5,0,15,0,1,'A'),(1916,6,0,15,0,1,'A'),(1917,7,0,15,0,1,'A'),(1918,8,0,15,0,1,'A'),(1919,9,0,15,0,1,'A'),(1920,10,0,15,0,1,'A'),(1921,11,0,15,0,1,'A'),(1922,12,0,15,0,1,'A'),(1923,13,0,15,0,1,'A'),(1924,14,0,15,0,1,'B'),(1925,15,0,15,0,1,'B'),(1926,16,0,15,0,1,'B'),(1927,17,0,15,0,1,'B'),(1928,18,0,15,0,1,'B'),(1929,19,0,15,0,1,'B'),(1930,20,0,15,0,1,'B'),(1931,21,0,15,0,1,'B'),(1932,22,0,15,0,1,'B'),(1933,23,0,15,0,1,'B');
/*!40000 ALTER TABLE `chair` ENABLE KEYS */;
UNLOCK TABLES;

--
-- Table structure for table `Cinema`
--

DROP TABLE IF EXISTS `Cinema`;
/*!40101 SET @saved_cs_client     = @@character_set_client */;
/*!50503 SET character_set_client = utf8mb4 */;
CREATE TABLE `Cinema` (
  `Idcinema` bigint NOT NULL AUTO_INCREMENT,
  `Namecinema` varchar(255) CHARACTER SET utf8mb3 COLLATE utf8mb3_general_ci DEFAULT NULL,
  `Address` varchar(255) CHARACTER SET utf8mb3 COLLATE utf8mb3_general_ci DEFAULT NULL,
  `Phone` char(11) DEFAULT NULL,
  `Picture` varchar(255) CHARACTER SET utf8mb3 COLLATE utf8mb3_general_ci DEFAULT NULL,
  `Describes` varchar(255) CHARACTER SET utf8mb3 COLLATE utf8mb3_general_ci DEFAULT NULL,
  PRIMARY KEY (`Idcinema`)
) ENGINE=InnoDB AUTO_INCREMENT=3 DEFAULT CHARSET=utf8mb4 COLLATE=utf8mb4_0900_ai_ci;
/*!40101 SET character_set_client = @saved_cs_client */;

--
-- Dumping data for table `Cinema`
--

LOCK TABLES `Cinema` WRITE;
/*!40000 ALTER TABLE `Cinema` DISABLE KEYS */;
INSERT INTO `Cinema` VALUES (1,'CGV Bình Tân','Tầng 3, Trung tâm thương mại Aeon Mall Bình Tân, Số 1 đường số 17A, khu phố 11, phường Bình Trị Đông B, quận Bình Tân, TPHCM','1900 6017','CGV-Aeon-Tanbinh.png/CGV-Aeon-Tanbinh.png','CGV Aeon Bình tân toạ lạc tại quận đông hưng thuận nơi trung tâm mua sắm Aeon vận hành rạp xin mang lại các trải nghiệm tốt nhất cho khách hàng'),(2,'CGV Pandora city','Lầu 3, Pandora City 1/1 Trường Chinh Quận Tân Phú TP. Hồ Chí Minh','1900 6017','CGV-Pandora-city.jpeg/CGV-Pandora-city.jpeg','CGV Pandora city la rạp chiếu phim lớn nhất khu vực');
/*!40000 ALTER TABLE `Cinema` ENABLE KEYS */;
UNLOCK TABLES;

--
-- Table structure for table `Cinemainterest`
--

DROP TABLE IF EXISTS `Cinemainterest`;
/*!40101 SET @saved_cs_client     = @@character_set_client */;
/*!50503 SET character_set_client = utf8mb4 */;
CREATE TABLE `Cinemainterest` (
  `Idinterest` int NOT NULL AUTO_INCREMENT,
  `Idroom` bigint DEFAULT NULL,
  `Idmovie` bigint DEFAULT NULL,
  `Dateshow` date DEFAULT NULL,
  `Times` datetime DEFAULT NULL,
  `Idcinema` bigint DEFAULT NULL,
  `TimeEnd` timestamp NULL DEFAULT NULL,
  `statusinterest` int DEFAULT NULL,
  `resetTime` int DEFAULT NULL,
  PRIMARY KEY (`Idinterest`),
  KEY `kp_cinemainterest_room` (`Idroom`),
  KEY `kp_cinemainterest_moive` (`Idmovie`),
  KEY `kp_idcinema_cinema_interest` (`Idcinema`),
  CONSTRAINT `kp_cinemainterest_moive` FOREIGN KEY (`Idmovie`) REFERENCES `Movie` (`Idmovie`),
  CONSTRAINT `kp_cinemainterest_room` FOREIGN KEY (`Idroom`) REFERENCES `Room` (`Idroom`),
  CONSTRAINT `kp_idcinema_cinema_interest` FOREIGN KEY (`Idcinema`) REFERENCES `Cinema` (`Idcinema`)
) ENGINE=InnoDB AUTO_INCREMENT=393 DEFAULT CHARSET=utf8mb4 COLLATE=utf8mb4_0900_ai_ci;
/*!40101 SET character_set_client = @saved_cs_client */;

--
-- Dumping data for table `Cinemainterest`
--

LOCK TABLES `Cinemainterest` WRITE;
/*!40000 ALTER TABLE `Cinemainterest` DISABLE KEYS */;
INSERT INTO `Cinemainterest` VALUES (3,1,1,'2023-09-09','2023-09-09 12:00:00',1,'2023-09-09 11:00:00',0,30),(4,1,1,'2023-09-09','2023-09-09 13:30:00',1,'2023-09-09 11:00:00',0,30),(5,1,1,'2023-09-09','2023-09-09 15:30:00',1,'2023-09-09 11:00:00',0,30),(6,1,8,'2023-09-18','2023-09-18 08:00:00',1,'2023-09-18 03:10:00',0,30),(7,1,8,'2023-09-18','2023-09-18 11:10:00',1,'2023-09-18 06:20:00',0,30),(8,1,2,'2023-09-21','2023-09-21 08:00:00',1,'2023-09-21 03:10:00',0,30),(9,1,1,'2023-09-21','2023-09-21 11:10:00',1,'2023-09-21 04:10:00',0,30),(10,1,8,'2023-09-21','2023-09-21 12:10:00',1,'2023-09-21 07:20:00',0,30),(11,1,3,'2023-09-21','2023-09-21 15:20:00',1,'2023-09-21 10:30:00',0,30),(12,1,1,'2023-09-21','2023-09-21 18:30:00',1,'2023-09-21 11:30:00',0,30),(13,1,8,'2023-09-21','2023-09-21 19:30:00',1,'2023-09-21 12:30:00',0,30),(14,1,8,'2023-09-21','2023-09-21 20:30:00',1,'2023-09-21 15:40:00',0,30),(15,1,1,'2023-09-22','2023-09-22 08:00:00',1,'2023-09-22 03:10:00',0,30),(16,1,1,'2023-09-22','2023-09-22 11:10:00',1,'2023-09-22 04:10:00',0,30),(17,1,5,'2023-09-22','2023-09-22 12:10:00',1,'2023-09-22 07:20:00',0,30),(18,1,3,'2023-09-22','2023-09-22 15:20:00',1,'2023-09-22 10:30:00',0,30),(19,1,1,'2023-09-22','2023-09-22 18:30:00',1,'2023-09-22 11:30:00',0,30),(20,1,7,'2023-09-22','2023-09-22 19:30:00',1,'2023-09-22 14:40:00',0,30),(21,1,8,'2023-09-23','2023-09-23 08:00:00',1,'2023-09-23 03:10:00',0,30),(22,1,7,'2023-09-23','2023-09-23 11:10:00',1,'2023-09-23 06:20:00',0,30),(23,1,5,'2023-09-23','2023-09-23 14:20:00',1,'2023-09-23 09:30:00',0,30),(24,1,1,'2023-09-23','2023-09-23 17:30:00',1,'2023-09-23 12:40:00',0,30),(25,1,8,'2023-09-23','2023-09-23 20:40:00',1,'2023-09-23 13:40:00',0,30),(26,1,2,'2023-09-21','2023-09-21 08:00:00',1,'2023-09-21 03:10:00',0,30),(27,1,1,'2023-09-21','2023-09-21 11:10:00',1,'2023-09-21 04:10:00',0,30),(28,1,8,'2023-09-21','2023-09-21 12:10:00',1,'2023-09-21 07:20:00',0,30),(29,1,3,'2023-09-21','2023-09-21 15:20:00',1,'2023-09-21 10:30:00',0,30),(30,1,1,'2023-09-21','2023-09-21 18:30:00',1,'2023-09-21 11:30:00',0,30),(31,1,8,'2023-09-21','2023-09-21 19:30:00',1,'2023-09-21 12:30:00',0,30),(32,1,8,'2023-09-21','2023-09-21 20:30:00',1,'2023-09-21 15:40:00',0,30),(33,1,1,'2023-09-22','2023-09-22 08:00:00',1,'2023-09-22 03:10:00',0,30),(34,1,1,'2023-09-22','2023-09-22 11:10:00',1,'2023-09-22 04:10:00',0,30),(35,1,5,'2023-09-22','2023-09-22 12:10:00',1,'2023-09-22 07:20:00',0,30),(36,1,3,'2023-09-22','2023-09-22 15:20:00',1,'2023-09-22 10:30:00',0,30),(37,1,1,'2023-09-22','2023-09-22 18:30:00',1,'2023-09-22 11:30:00',0,30),(38,1,7,'2023-09-22','2023-09-22 19:30:00',1,'2023-09-22 14:40:00',0,30),(39,1,8,'2023-09-23','2023-09-23 08:00:00',1,'2023-09-23 03:10:00',0,30),(40,1,7,'2023-09-23','2023-09-23 11:10:00',1,'2023-09-23 06:20:00',0,30),(41,1,5,'2023-09-23','2023-09-23 14:20:00',1,'2023-09-23 09:30:00',0,30),(42,1,1,'2023-09-23','2023-09-23 17:30:00',1,'2023-09-23 12:40:00',0,30),(43,1,8,'2023-09-23','2023-09-23 20:40:00',1,'2023-09-23 13:40:00',0,30),(44,1,2,'2023-09-20','2023-09-20 08:00:00',1,'2023-09-20 03:10:00',0,30),(45,1,1,'2023-09-20','2023-09-20 11:10:00',1,'2023-09-20 04:10:00',0,30),(46,1,1,'2023-09-20','2023-09-20 12:10:00',1,'2023-09-20 07:20:00',0,30),(47,1,1,'2023-09-20','2023-09-20 15:20:00',1,'2023-09-20 10:30:00',0,30),(48,1,7,'2023-09-20','2023-09-20 18:30:00',1,'2023-09-20 13:40:00',0,30),(49,1,1,'2023-09-21','2023-09-21 08:00:00',1,'2023-09-21 01:00:00',0,30),(50,1,5,'2023-09-21','2023-09-21 09:00:00',1,'2023-09-21 04:10:00',0,30),(51,1,1,'2023-09-21','2023-09-21 12:10:00',1,'2023-09-21 05:10:00',0,30),(52,1,2,'2023-09-21','2023-09-21 13:10:00',1,'2023-09-21 08:20:00',0,30),(53,1,1,'2023-09-21','2023-09-21 16:20:00',1,'2023-09-21 09:20:00',0,30),(54,1,1,'2023-09-21','2023-09-21 17:20:00',1,'2023-09-21 12:30:00',0,30),(55,1,2,'2023-09-21','2023-09-21 20:30:00',1,'2023-09-21 15:40:00',0,30),(56,1,3,'2023-09-22','2023-09-22 08:00:00',1,'2023-09-22 03:10:00',0,30),(57,1,1,'2023-09-22','2023-09-22 11:10:00',1,'2023-09-22 04:10:00',0,30),(58,1,2,'2023-09-22','2023-09-22 12:10:00',1,'2023-09-22 07:20:00',0,30),(59,1,8,'2023-09-22','2023-09-22 15:20:00',1,'2023-09-22 10:30:00',0,30),(60,1,1,'2023-09-22','2023-09-22 18:30:00',1,'2023-09-22 11:30:00',0,30),(61,1,1,'2023-09-22','2023-09-22 19:30:00',1,'2023-09-22 12:30:00',0,30),(62,1,2,'2023-09-22','2023-09-22 20:30:00',1,'2023-09-22 15:40:00',0,30),(63,1,1,'2023-09-23','2023-09-23 08:00:00',1,'2023-09-23 01:00:00',0,30),(64,1,3,'2023-09-23','2023-09-23 09:00:00',1,'2023-09-23 04:10:00',0,30),(65,1,1,'2023-09-23','2023-09-23 12:10:00',1,'2023-09-23 05:10:00',0,30),(66,1,8,'2023-09-23','2023-09-23 13:10:00',1,'2023-09-23 06:10:00',0,30),(67,1,3,'2023-09-23','2023-09-23 14:10:00',1,'2023-09-23 09:20:00',0,30),(68,1,1,'2023-09-23','2023-09-23 17:20:00',1,'2023-09-23 10:20:00',0,30),(69,1,8,'2023-09-23','2023-09-23 18:20:00',1,'2023-09-23 11:20:00',0,30),(70,1,3,'2023-09-23','2023-09-23 19:20:00',1,'2023-09-23 14:30:00',0,30),(71,1,2,'2023-09-20','2023-09-20 08:00:00',1,'2023-09-20 03:10:00',0,30),(72,1,1,'2023-09-20','2023-09-20 11:10:00',1,'2023-09-20 04:10:00',0,30),(73,1,1,'2023-09-20','2023-09-20 12:10:00',1,'2023-09-20 07:20:00',0,30),(74,1,1,'2023-09-20','2023-09-20 15:20:00',1,'2023-09-20 10:30:00',0,30),(75,1,7,'2023-09-20','2023-09-20 18:30:00',1,'2023-09-20 13:40:00',0,30),(76,1,1,'2023-09-21','2023-09-21 08:00:00',1,'2023-09-21 01:00:00',0,30),(77,1,5,'2023-09-21','2023-09-21 09:00:00',1,'2023-09-21 04:10:00',0,30),(78,1,1,'2023-09-21','2023-09-21 12:10:00',1,'2023-09-21 05:10:00',0,30),(79,1,2,'2023-09-21','2023-09-21 13:10:00',1,'2023-09-21 08:20:00',0,30),(80,1,1,'2023-09-21','2023-09-21 16:20:00',1,'2023-09-21 09:20:00',0,30),(81,1,1,'2023-09-21','2023-09-21 17:20:00',1,'2023-09-21 12:30:00',0,30),(82,1,2,'2023-09-21','2023-09-21 20:30:00',1,'2023-09-21 15:40:00',0,30),(83,1,3,'2023-09-22','2023-09-22 08:00:00',1,'2023-09-22 03:10:00',0,30),(84,1,1,'2023-09-22','2023-09-22 11:10:00',1,'2023-09-22 04:10:00',0,30),(85,1,2,'2023-09-22','2023-09-22 12:10:00',1,'2023-09-22 07:20:00',0,30),(86,1,8,'2023-09-22','2023-09-22 15:20:00',1,'2023-09-22 10:30:00',0,30),(87,1,1,'2023-09-22','2023-09-22 18:30:00',1,'2023-09-22 11:30:00',0,30),(88,1,1,'2023-09-22','2023-09-22 19:30:00',1,'2023-09-22 12:30:00',0,30),(89,1,2,'2023-09-22','2023-09-22 20:30:00',1,'2023-09-22 15:40:00',0,30),(90,1,1,'2023-09-23','2023-09-23 08:00:00',1,'2023-09-23 01:00:00',0,30),(91,1,3,'2023-09-23','2023-09-23 09:00:00',1,'2023-09-23 04:10:00',0,30),(92,1,1,'2023-09-23','2023-09-23 12:10:00',1,'2023-09-23 05:10:00',0,30),(93,1,8,'2023-09-23','2023-09-23 13:10:00',1,'2023-09-23 06:10:00',0,30),(94,1,3,'2023-09-23','2023-09-23 14:10:00',1,'2023-09-23 09:20:00',0,30),(95,1,1,'2023-09-23','2023-09-23 17:20:00',1,'2023-09-23 10:20:00',0,30),(96,1,8,'2023-09-23','2023-09-23 18:20:00',1,'2023-09-23 11:20:00',0,30),(97,1,3,'2023-09-23','2023-09-23 19:20:00',1,'2023-09-23 14:30:00',0,30),(98,1,3,'2023-09-28','2023-09-28 08:00:00',1,'2023-09-28 01:00:00',0,30),(99,1,1,'2023-09-28','2023-09-28 09:00:00',1,'2023-09-28 02:00:00',0,30),(100,1,1,'2023-09-28','2023-09-28 10:00:00',1,'2023-09-28 03:00:00',0,30),(101,1,2,'2023-09-28','2023-09-28 11:00:00',1,'2023-09-28 04:00:00',0,30),(102,1,8,'2023-09-28','2023-09-28 12:00:00',1,'2023-09-28 05:00:00',0,30),(103,1,1,'2023-09-28','2023-09-28 13:00:00',1,'2023-09-28 06:00:00',0,30),(104,1,8,'2023-09-28','2023-09-28 14:00:00',1,'2023-09-28 07:00:00',0,30),(105,1,2,'2023-09-28','2023-09-28 15:00:00',1,'2023-09-28 08:00:00',0,30),(106,1,8,'2023-09-28','2023-09-28 16:00:00',1,'2023-09-28 09:00:00',0,30),(107,1,1,'2023-09-28','2023-09-28 17:00:00',1,'2023-09-28 10:00:00',0,30),(108,1,1,'2023-09-28','2023-09-28 18:00:00',1,'2023-09-28 11:00:00',0,30),(109,1,8,'2023-09-28','2023-09-28 19:00:00',1,'2023-09-28 12:00:00',0,30),(110,1,2,'2023-09-28','2023-09-28 20:00:00',1,'2023-09-28 13:00:00',0,30),(111,1,1,'2023-09-28','2023-09-28 21:00:00',1,'2023-09-28 16:10:00',0,30),(112,1,5,'2023-09-29','2023-09-29 08:00:00',1,'2023-09-29 01:00:00',0,30),(113,1,1,'2023-09-29','2023-09-29 09:00:00',1,'2023-09-29 02:00:00',0,30),(114,1,8,'2023-09-29','2023-09-29 10:00:00',1,'2023-09-29 03:00:00',0,30),(115,1,7,'2023-09-29','2023-09-29 11:00:00',1,'2023-09-29 04:00:00',0,30),(116,1,1,'2023-09-29','2023-09-29 12:00:00',1,'2023-09-29 05:00:00',0,30),(117,1,3,'2023-09-29','2023-09-29 13:00:00',1,'2023-09-29 06:00:00',0,30),(118,1,1,'2023-09-29','2023-09-29 14:00:00',1,'2023-09-29 07:00:00',0,30),(119,1,5,'2023-09-29','2023-09-29 15:00:00',1,'2023-09-29 08:00:00',0,30),(120,1,2,'2023-09-29','2023-09-29 16:00:00',1,'2023-09-29 09:00:00',0,30),(121,1,8,'2023-09-29','2023-09-29 17:00:00',1,'2023-09-29 10:00:00',0,30),(122,1,7,'2023-09-29','2023-09-29 18:00:00',1,'2023-09-29 11:00:00',0,30),(123,1,1,'2023-09-29','2023-09-29 19:00:00',1,'2023-09-29 12:00:00',0,30),(124,1,1,'2023-09-29','2023-09-29 20:00:00',1,'2023-09-29 13:00:00',0,30),(125,1,2,'2023-09-29','2023-09-29 21:00:00',1,'2023-09-29 14:00:00',0,30),(126,1,1,'2023-09-30','2023-09-30 08:00:00',1,'2023-09-30 01:00:00',0,30),(127,1,1,'2023-09-30','2023-09-30 09:00:00',1,'2023-09-30 02:00:00',0,30),(128,1,1,'2023-09-30','2023-09-30 10:00:00',1,'2023-09-30 03:00:00',0,30),(129,1,7,'2023-09-30','2023-09-30 11:00:00',1,'2023-09-30 06:10:00',0,30),(130,1,3,'2023-09-30','2023-09-30 14:10:00',1,'2023-09-30 09:20:00',0,30),(131,1,3,'2023-09-30','2023-09-30 17:20:00',1,'2023-09-30 10:20:00',0,30),(132,1,3,'2023-09-30','2023-09-30 18:20:00',1,'2023-09-30 11:20:00',0,30),(133,1,1,'2023-09-30','2023-09-30 19:20:00',1,'2023-09-30 12:20:00',0,30),(134,1,1,'2023-09-30','2023-09-30 20:20:00',1,'2023-09-30 13:20:00',0,30),(135,1,8,'2023-09-30','2023-09-30 21:20:00',1,'2023-09-30 14:20:00',0,30),(136,1,3,'2023-09-28','2023-09-28 08:00:00',1,'2023-09-28 01:00:00',0,30),(137,1,1,'2023-09-28','2023-09-28 09:00:00',1,'2023-09-28 02:00:00',0,30),(138,1,1,'2023-09-28','2023-09-28 10:00:00',1,'2023-09-28 03:00:00',0,30),(139,1,2,'2023-09-28','2023-09-28 11:00:00',1,'2023-09-28 04:00:00',0,30),(140,1,8,'2023-09-28','2023-09-28 12:00:00',1,'2023-09-28 05:00:00',0,30),(141,1,1,'2023-09-28','2023-09-28 13:00:00',1,'2023-09-28 06:00:00',0,30),(142,1,8,'2023-09-28','2023-09-28 14:00:00',1,'2023-09-28 07:00:00',0,30),(143,1,2,'2023-09-28','2023-09-28 15:00:00',1,'2023-09-28 08:00:00',0,30),(144,1,8,'2023-09-28','2023-09-28 16:00:00',1,'2023-09-28 09:00:00',0,30),(145,1,1,'2023-09-28','2023-09-28 17:00:00',1,'2023-09-28 10:00:00',0,30),(146,1,1,'2023-09-28','2023-09-28 18:00:00',1,'2023-09-28 11:00:00',0,30),(147,1,8,'2023-09-28','2023-09-28 19:00:00',1,'2023-09-28 12:00:00',0,30),(148,1,2,'2023-09-28','2023-09-28 20:00:00',1,'2023-09-28 13:00:00',0,30),(149,1,1,'2023-09-28','2023-09-28 21:00:00',1,'2023-09-28 16:10:00',0,30),(150,1,5,'2023-09-29','2023-09-29 08:00:00',1,'2023-09-29 01:00:00',0,30),(151,1,1,'2023-09-29','2023-09-29 09:00:00',1,'2023-09-29 02:00:00',0,30),(152,1,8,'2023-09-29','2023-09-29 10:00:00',1,'2023-09-29 03:00:00',0,30),(153,1,7,'2023-09-29','2023-09-29 11:00:00',1,'2023-09-29 04:00:00',0,30),(154,1,1,'2023-09-29','2023-09-29 12:00:00',1,'2023-09-29 05:00:00',0,30),(155,1,3,'2023-09-29','2023-09-29 13:00:00',1,'2023-09-29 06:00:00',0,30),(156,1,1,'2023-09-29','2023-09-29 14:00:00',1,'2023-09-29 07:00:00',0,30),(157,1,5,'2023-09-29','2023-09-29 15:00:00',1,'2023-09-29 08:00:00',0,30),(158,1,2,'2023-09-29','2023-09-29 16:00:00',1,'2023-09-29 09:00:00',0,30),(159,1,8,'2023-09-29','2023-09-29 17:00:00',1,'2023-09-29 10:00:00',0,30),(160,1,7,'2023-09-29','2023-09-29 18:00:00',1,'2023-09-29 11:00:00',0,30),(161,1,1,'2023-09-29','2023-09-29 19:00:00',1,'2023-09-29 12:00:00',0,30),(162,1,1,'2023-09-29','2023-09-29 20:00:00',1,'2023-09-29 13:00:00',0,30),(163,1,2,'2023-09-29','2023-09-29 21:00:00',1,'2023-09-29 14:00:00',0,30),(164,1,1,'2023-09-30','2023-09-30 08:00:00',1,'2023-09-30 01:00:00',0,30),(165,1,1,'2023-09-30','2023-09-30 09:00:00',1,'2023-09-30 02:00:00',0,30),(166,1,1,'2023-09-30','2023-09-30 10:00:00',1,'2023-09-30 03:00:00',0,30),(167,1,7,'2023-09-30','2023-09-30 11:00:00',1,'2023-09-30 06:10:00',0,30),(168,1,3,'2023-09-30','2023-09-30 14:10:00',1,'2023-09-30 09:20:00',0,30),(169,1,3,'2023-09-30','2023-09-30 17:20:00',1,'2023-09-30 10:20:00',0,30),(170,1,3,'2023-09-30','2023-09-30 18:20:00',1,'2023-09-30 11:20:00',0,30),(171,1,1,'2023-09-30','2023-09-30 19:20:00',1,'2023-09-30 12:20:00',0,30),(172,1,1,'2023-09-30','2023-09-30 20:20:00',1,'2023-09-30 13:20:00',0,30),(173,1,8,'2023-09-30','2023-09-30 21:20:00',1,'2023-09-30 14:20:00',0,30),(178,1,1,'2023-09-19','2023-09-19 16:02:38',1,'2023-09-19 09:02:38',0,30),(179,1,2,'2023-09-19','2023-09-19 16:02:38',1,'2023-09-19 09:02:38',0,30),(180,1,3,'2023-09-19','2023-09-19 16:02:38',1,'2023-09-19 09:02:38',0,30),(181,1,5,'2023-09-19','2023-09-19 16:02:38',1,'2023-09-19 09:02:38',0,30),(182,1,7,'2023-09-19','2023-09-19 16:02:38',1,'2023-09-19 09:02:38',0,30),(183,1,8,'2023-09-19','2023-09-19 16:02:38',1,'2023-09-19 09:02:38',0,30),(184,1,1,'2023-09-19','2023-09-19 16:02:38',1,'2023-09-19 10:02:38',0,30),(185,1,1,'2023-09-19','2023-09-19 16:02:38',1,'2023-09-19 09:02:38',0,30),(186,1,2,'2023-09-19','2023-09-19 16:02:38',1,'2023-09-19 09:02:38',0,30),(187,1,3,'2023-09-19','2023-09-19 16:02:38',1,'2023-09-19 09:02:38',0,30),(188,1,5,'2023-09-19','2023-09-19 16:02:38',1,'2023-09-19 09:02:38',0,30),(189,1,7,'2023-09-19','2023-09-19 16:02:38',1,'2023-09-19 09:02:38',0,30),(190,1,8,'2023-09-19','2023-09-19 16:02:38',1,'2023-09-19 09:02:38',0,30),(191,1,1,'2023-09-29','2023-09-29 16:02:38',1,'2023-09-29 10:02:38',0,30),(192,1,8,'2023-09-20','2023-09-20 08:00:00',1,'2023-09-20 03:10:00',0,30),(193,1,3,'2023-09-20','2023-09-20 11:10:00',1,'2023-09-20 06:20:00',0,30),(194,1,5,'2023-09-20','2023-09-20 14:20:00',1,'2023-09-20 09:30:00',0,30),(195,1,1,'2023-09-20','2023-09-20 17:30:00',1,'2023-09-20 12:40:00',0,30),(196,1,8,'2023-09-20','2023-09-20 20:40:00',1,'2023-09-20 15:50:00',0,30),(197,1,8,'2023-09-21','2023-09-21 08:00:00',1,'2023-09-21 03:10:00',0,30),(198,1,1,'2023-09-21','2023-09-21 11:10:00',1,'2023-09-21 06:20:00',0,30),(199,1,2,'2023-09-21','2023-09-21 14:20:00',1,'2023-09-21 09:30:00',0,30),(200,1,8,'2023-09-21','2023-09-21 17:30:00',1,'2023-09-21 12:40:00',0,30),(201,1,7,'2023-09-21','2023-09-21 20:40:00',1,'2023-09-21 15:50:00',0,30),(202,1,3,'2023-09-22','2023-09-22 08:00:00',1,'2023-09-22 03:10:00',0,30),(203,1,8,'2023-09-22','2023-09-22 11:10:00',1,'2023-09-22 06:20:00',0,30),(204,1,3,'2023-09-22','2023-09-22 14:20:00',1,'2023-09-22 09:30:00',0,30),(205,1,8,'2023-09-22','2023-09-22 17:30:00',1,'2023-09-22 12:40:00',0,30),(206,1,7,'2023-09-22','2023-09-22 20:40:00',1,'2023-09-22 15:50:00',0,30),(207,3,8,'2023-10-18','2023-10-18 08:00:00',NULL,'2023-10-18 03:10:00',0,30),(208,3,8,'2023-10-18','2023-10-18 11:10:00',NULL,'2023-10-18 06:20:00',0,30),(209,3,7,'2023-10-18','2023-10-18 14:20:00',NULL,'2023-10-18 09:30:00',0,30),(210,3,3,'2023-10-18','2023-10-18 17:30:00',NULL,'2023-10-18 12:40:00',0,30),(211,3,7,'2023-10-18','2023-10-18 20:40:00',NULL,'2023-10-18 15:50:00',0,30),(226,1,1,'2023-09-19','2023-09-19 16:02:38',NULL,'2023-09-19 09:02:38',0,30),(227,1,2,'2023-09-19','2023-09-19 16:02:38',NULL,'2023-09-19 09:02:38',0,30),(228,1,3,'2023-09-19','2023-09-19 16:02:38',NULL,'2023-09-19 09:02:38',0,30),(229,1,5,'2023-09-19','2023-09-19 16:02:38',NULL,'2023-09-19 09:02:38',0,30),(230,1,7,'2023-09-19','2023-09-19 16:02:38',NULL,'2023-09-19 09:02:38',0,30),(231,1,8,'2023-09-19','2023-09-19 16:02:38',NULL,'2023-09-19 09:02:38',0,30),(233,1,1,'2023-10-19','2023-10-19 16:02:38',1,'2023-10-19 09:02:38',0,30),(234,1,2,'2023-10-19','2023-10-19 16:02:38',1,'2023-10-19 09:02:38',1,30),(235,1,3,'2023-10-19','2023-10-19 16:02:38',1,'2023-10-19 09:02:38',1,30),(236,1,5,'2023-10-19','2023-10-19 16:02:38',1,'2023-10-19 09:02:38',1,30),(237,1,7,'2023-10-19','2023-10-19 16:02:38',1,'2023-10-19 09:02:38',1,30),(238,1,8,'2023-10-19','2023-10-19 16:02:38',1,'2023-10-19 09:02:38',1,30),(250,1,1,'2023-10-21','2023-10-21 08:00:00',1,'2023-10-21 03:10:00',0,30),(251,1,8,'2023-10-21','2023-10-21 11:10:00',1,'2023-10-21 06:20:00',1,30),(252,1,1,'2023-10-21','2023-10-21 14:20:00',1,'2023-10-21 09:30:00',0,30),(253,1,8,'2023-10-21','2023-10-21 17:30:00',1,'2023-10-21 12:40:00',0,30),(254,1,7,'2023-10-21','2023-10-21 20:40:00',1,'2023-10-21 15:50:00',0,30),(255,1,2,'2023-10-22','2023-10-22 08:00:00',1,'2023-10-22 03:10:00',0,30),(256,1,3,'2023-10-22','2023-10-22 11:10:00',1,'2023-10-22 06:20:00',0,30),(257,1,1,'2023-10-22','2023-10-22 14:20:00',1,'2023-10-22 09:30:00',0,30),(258,1,5,'2023-10-22','2023-10-22 17:30:00',1,'2023-10-22 12:40:00',0,30),(259,1,3,'2023-10-22','2023-10-22 20:40:00',1,'2023-10-22 15:50:00',0,30),(260,1,2,'2023-10-20','2023-10-20 08:00:00',1,'2023-10-20 03:10:00',0,30),(261,1,7,'2023-10-20','2023-10-20 11:10:00',1,'2023-10-20 06:20:00',0,30),(262,1,5,'2023-10-20','2023-10-20 14:20:00',1,'2023-10-20 09:30:00',0,30),(263,1,8,'2023-10-20','2023-10-20 17:30:00',1,'2023-10-20 12:40:00',0,30),(264,1,8,'2023-10-20','2023-10-20 20:40:00',1,'2023-10-20 15:50:00',0,30),(265,3,8,'2023-10-27','2023-10-27 08:00:00',1,'2023-10-27 03:10:00',0,30),(266,3,2,'2023-10-27','2023-10-27 11:10:00',1,'2023-10-27 06:20:00',0,30),(267,3,7,'2023-10-27','2023-10-27 14:20:00',1,'2023-10-27 09:30:00',0,30),(268,3,7,'2023-10-27','2023-10-27 17:30:00',1,'2023-10-27 12:40:00',0,30),(269,3,1,'2023-10-27','2023-10-27 20:40:00',1,'2023-10-27 15:50:00',0,30),(271,4,2,'2023-10-26','2023-10-26 08:00:00',1,'2023-10-26 03:10:00',0,30),(272,4,2,'2023-10-26','2023-10-26 11:10:00',1,'2023-10-26 06:20:00',1,30),(273,4,2,'2023-10-26','2023-10-26 14:20:00',1,'2023-10-26 09:30:00',0,30),(274,4,3,'2023-10-26','2023-10-26 17:30:00',1,'2023-10-26 12:40:00',0,30),(275,4,8,'2023-10-26','2023-10-26 20:40:00',1,'2023-10-26 15:50:00',0,30),(276,1,7,'2023-10-28','2023-10-28 08:00:00',1,'2023-10-28 03:10:00',0,30),(277,1,1,'2023-10-28','2023-10-28 11:10:00',1,'2023-10-28 06:20:00',0,30),(278,1,8,'2023-10-28','2023-10-28 14:20:00',1,'2023-10-28 09:30:00',0,30),(279,1,8,'2023-10-28','2023-10-28 17:30:00',1,'2023-10-28 12:40:00',0,30),(280,1,2,'2023-10-28','2023-10-28 20:40:00',1,'2023-10-28 15:50:00',0,30),(281,1,5,'2023-11-04','2023-11-04 08:00:00',1,'2023-11-04 03:10:00',0,30),(282,1,5,'2023-11-04','2023-11-04 11:10:00',1,'2023-11-04 06:20:00',0,30),(283,1,2,'2023-11-04','2023-11-04 14:20:00',1,'2023-11-04 09:30:00',0,30),(284,1,7,'2023-11-04','2023-11-04 17:30:00',1,'2023-11-04 12:40:00',0,30),(285,1,2,'2023-11-04','2023-11-04 20:40:00',1,'2023-11-04 15:50:00',0,30),(286,4,1,'2023-10-27','2023-10-27 08:00:00',1,'2023-10-27 03:10:00',0,30),(287,4,1,'2023-10-27','2023-10-27 10:30:00',1,'2023-10-27 05:40:00',0,30),(288,4,1,'2023-10-27','2023-10-27 13:00:00',1,'2023-10-27 08:10:00',0,30),(289,4,7,'2023-10-27','2023-10-27 15:30:00',1,'2023-10-27 10:40:00',0,30),(290,4,7,'2023-10-27','2023-10-27 18:00:00',1,'2023-10-27 13:10:00',0,30),(291,4,2,'2023-10-27','2023-10-27 20:30:00',1,'2023-10-27 15:40:00',0,30),(292,5,8,'2023-10-29','2023-10-29 08:00:00',1,'2023-10-29 03:10:00',0,30),(293,5,8,'2023-10-29','2023-10-29 10:20:00',1,'2023-10-29 05:30:00',0,30),(294,5,3,'2023-10-29','2023-10-29 12:40:00',1,'2023-10-29 07:50:00',0,30),(295,5,8,'2023-10-29','2023-10-29 15:00:00',1,'2023-10-29 10:10:00',0,30),(296,5,2,'2023-10-29','2023-10-29 17:20:00',1,'2023-10-29 12:30:00',0,30),(297,5,3,'2023-10-29','2023-10-29 19:40:00',1,'2023-10-29 14:50:00',0,30),(298,1,7,'2023-10-31','2023-10-31 08:00:00',1,'2023-10-31 03:10:00',0,30),(299,1,8,'2023-10-31','2023-10-31 10:15:00',1,'2023-10-31 05:25:00',1,30),(300,1,5,'2023-10-31','2023-10-31 12:30:00',1,'2023-10-31 07:40:00',1,30),(301,1,8,'2023-10-31','2023-10-31 14:45:00',1,'2023-10-31 09:55:00',0,30),(302,1,2,'2023-10-31','2023-10-31 17:00:00',1,'2023-10-31 12:10:00',0,30),(303,1,7,'2023-10-31','2023-10-31 19:15:00',1,'2023-10-31 14:25:00',0,30),(304,4,3,'2023-10-25','2023-10-25 08:00:00',1,'2023-10-25 03:10:00',0,30),(305,4,1,'2023-10-25','2023-10-25 10:20:00',1,'2023-10-25 05:30:00',0,30),(306,4,2,'2023-10-25','2023-10-25 12:40:00',1,'2023-10-25 07:50:00',0,30),(307,4,1,'2023-10-25','2023-10-25 15:00:00',1,'2023-10-25 10:10:00',0,30),(308,4,3,'2023-10-25','2023-10-25 17:20:00',1,'2023-10-25 12:30:00',0,30),(309,4,5,'2023-10-25','2023-10-25 19:40:00',1,'2023-10-25 14:50:00',0,30),(310,4,3,'2023-10-29','2023-10-29 08:00:00',1,'2023-10-29 03:10:00',0,30),(311,4,5,'2023-10-29','2023-10-29 10:18:00',1,'2023-10-29 05:28:00',0,30),(312,4,3,'2023-10-29','2023-10-29 12:36:00',1,'2023-10-29 07:46:00',0,30),(313,4,5,'2023-10-29','2023-10-29 14:54:00',1,'2023-10-29 10:04:00',0,30),(314,4,2,'2023-10-29','2023-10-29 17:12:00',1,'2023-10-29 12:22:00',0,30),(315,4,1,'2023-10-29','2023-10-29 19:30:00',1,'2023-10-29 14:40:00',0,30),(316,1,3,'2023-10-29','2023-10-29 08:00:00',1,'2023-10-29 03:10:00',0,30),(317,1,7,'2023-10-29','2023-10-29 10:15:00',1,'2023-10-29 05:25:00',0,30),(318,1,7,'2023-10-29','2023-10-29 12:30:00',1,'2023-10-29 07:40:00',0,30),(319,1,2,'2023-10-29','2023-10-29 14:45:00',1,'2023-10-29 09:55:00',0,30),(320,1,1,'2023-10-29','2023-10-29 17:00:00',1,'2023-10-29 12:10:00',0,30),(321,1,5,'2023-10-29','2023-10-29 19:15:00',1,'2023-10-29 14:25:00',0,30),(322,1,3,'2023-10-25','2023-10-25 08:00:00',1,'2023-10-25 03:10:00',0,30),(323,1,1,'2023-10-25','2023-10-25 10:18:00',1,'2023-10-25 05:28:00',0,30),(324,1,7,'2023-10-25','2023-10-25 12:36:00',1,'2023-10-25 07:46:00',0,30),(325,1,1,'2023-10-25','2023-10-25 14:54:00',1,'2023-10-25 10:04:00',0,30),(326,1,8,'2023-10-25','2023-10-25 17:12:00',1,'2023-10-25 12:22:00',0,30),(327,1,1,'2023-10-25','2023-10-25 19:30:00',1,'2023-10-25 14:40:00',0,30),(328,1,1,'2023-11-03','2023-11-03 08:00:00',1,'2023-11-03 03:10:00',0,20),(329,1,2,'2023-11-03','2023-11-03 10:30:00',1,'2023-11-03 05:40:00',0,20),(330,1,1,'2023-11-03','2023-11-03 13:00:00',1,'2023-11-03 08:10:00',0,20),(331,1,1,'2023-11-03','2023-11-03 15:30:00',1,'2023-11-03 10:40:00',0,20),(332,1,7,'2023-11-03','2023-11-03 18:00:00',1,'2023-11-03 13:10:00',0,20),(333,1,8,'2023-11-03','2023-11-03 20:30:00',1,'2023-11-03 15:40:00',0,20),(334,3,5,'2023-11-05','2023-11-05 08:00:00',1,'2023-11-05 03:10:00',0,20),(335,3,1,'2023-11-05','2023-11-05 10:30:00',1,'2023-11-05 05:40:00',1,20),(336,3,7,'2023-11-05','2023-11-05 13:00:00',1,'2023-11-05 08:10:00',0,20),(337,3,1,'2023-11-05','2023-11-05 15:30:00',1,'2023-11-05 10:40:00',0,20),(338,3,8,'2023-11-05','2023-11-05 18:00:00',1,'2023-11-05 13:10:00',0,20),(339,3,7,'2023-11-05','2023-11-05 20:30:00',1,'2023-11-05 15:40:00',0,20),(340,3,3,'2023-10-20','2023-10-20 08:00:00',1,'2023-10-20 03:10:00',0,30),(341,3,3,'2023-10-20','2023-10-20 10:40:00',1,'2023-10-20 05:50:00',0,30),(342,3,7,'2023-10-20','2023-10-20 13:20:00',1,'2023-10-20 08:30:00',0,30),(343,3,1,'2023-10-20','2023-10-20 16:00:00',1,'2023-10-20 11:10:00',0,30),(344,3,7,'2023-10-20','2023-10-20 18:40:00',1,'2023-10-20 13:50:00',0,30),(345,3,1,'2023-10-20','2023-10-20 21:20:00',1,'2023-10-20 16:30:00',0,30),(346,4,3,'2023-11-07','2023-11-07 08:00:00',1,'2023-11-07 03:10:00',0,30),(347,4,14,'2023-11-07','2023-11-07 10:40:00',1,'2023-11-07 05:50:00',0,30),(348,4,14,'2023-11-07','2023-11-07 13:20:00',1,'2023-11-07 08:30:00',0,30),(349,4,1,'2023-11-07','2023-11-07 16:00:00',1,'2023-11-07 11:10:00',0,30),(350,4,7,'2023-11-07','2023-11-07 18:40:00',1,'2023-11-07 13:50:00',0,30),(351,4,1,'2023-11-07','2023-11-07 21:20:00',1,'2023-11-07 16:30:00',0,30),(352,5,14,'2023-11-09','2023-11-09 08:00:00',1,'2023-11-09 03:10:00',0,0),(353,5,7,'2023-11-09','2023-11-09 10:10:00',1,'2023-11-09 05:20:00',0,0),(354,5,7,'2023-11-09','2023-11-09 12:20:00',1,'2023-11-09 07:30:00',0,0),(355,5,3,'2023-11-09','2023-11-09 14:30:00',1,'2023-11-09 09:40:00',0,0),(356,5,1,'2023-11-09','2023-11-09 16:40:00',1,'2023-11-09 11:50:00',0,0),(357,5,3,'2023-11-09','2023-11-09 18:50:00',1,'2023-11-09 14:00:00',0,0),(358,5,3,'2023-11-09','2023-11-09 21:00:00',1,'2023-11-09 16:10:00',0,0),(359,5,1,'2023-11-10','2023-11-10 08:00:00',1,'2023-11-10 03:10:00',0,30),(360,5,2,'2023-11-10','2023-11-10 10:40:00',1,'2023-11-10 05:50:00',0,30),(361,5,1,'2023-11-10','2023-11-10 13:20:00',1,'2023-11-10 08:30:00',0,30),(362,5,8,'2023-11-10','2023-11-10 16:00:00',1,'2023-11-10 11:10:00',0,30),(363,5,7,'2023-11-10','2023-11-10 18:40:00',1,'2023-11-10 13:50:00',0,30),(364,5,5,'2023-11-10','2023-11-10 21:20:00',1,'2023-11-10 16:30:00',0,30),(365,4,2,'2023-11-16','2023-11-16 08:00:00',1,'2023-11-16 03:10:00',0,0),(366,4,5,'2023-11-16','2023-11-16 10:10:00',1,'2023-11-16 05:20:00',0,0),(367,4,14,'2023-11-16','2023-11-16 12:20:00',1,'2023-11-16 07:30:00',0,0),(368,4,2,'2023-11-16','2023-11-16 14:30:00',1,'2023-11-16 09:40:00',0,0),(369,4,8,'2023-11-16','2023-11-16 16:40:00',1,'2023-11-16 11:50:00',0,0),(370,4,3,'2023-11-16','2023-11-16 18:50:00',1,'2023-11-16 14:00:00',0,0),(371,4,2,'2023-11-16','2023-11-16 21:00:00',1,'2023-11-16 16:10:00',0,0),(372,4,7,'2023-11-18','2023-11-18 08:00:00',1,'2023-11-18 03:10:00',0,0),(373,4,8,'2023-11-18','2023-11-18 10:10:00',1,'2023-11-18 05:20:00',0,0),(374,4,5,'2023-11-18','2023-11-18 12:20:00',1,'2023-11-18 07:30:00',0,0),(375,4,5,'2023-11-18','2023-11-18 14:30:00',1,'2023-11-18 09:40:00',0,0),(376,4,7,'2023-11-18','2023-11-18 16:40:00',1,'2023-11-18 11:50:00',0,0),(377,4,8,'2023-11-18','2023-11-18 18:50:00',1,'2023-11-18 14:00:00',0,0),(378,4,8,'2023-11-18','2023-11-18 21:00:00',1,'2023-11-18 16:10:00',0,0),(379,6,3,'2023-11-18','2023-11-18 08:00:00',1,'2023-11-18 03:10:00',0,0),(380,6,1,'2023-11-18','2023-11-18 10:10:00',1,'2023-11-18 05:20:00',0,0),(381,6,14,'2023-11-18','2023-11-18 12:20:00',1,'2023-11-18 07:30:00',0,0),(382,6,14,'2023-11-18','2023-11-18 14:30:00',1,'2023-11-18 09:40:00',0,0),(383,6,7,'2023-11-18','2023-11-18 16:40:00',1,'2023-11-18 11:50:00',0,0),(384,6,1,'2023-11-18','2023-11-18 18:50:00',1,'2023-11-18 14:00:00',0,0),(385,6,2,'2023-11-18','2023-11-18 21:00:00',1,'2023-11-18 16:10:00',0,0),(386,4,5,'2023-11-19','2023-11-19 08:00:00',1,'2023-11-19 03:10:00',0,0),(387,4,2,'2023-11-19','2023-11-19 10:10:00',1,'2023-11-19 05:20:00',0,0),(388,4,18,'2023-11-19','2023-11-19 12:20:00',1,'2023-11-19 07:30:00',0,0),(389,4,5,'2023-11-19','2023-11-19 14:30:00',1,'2023-11-19 09:40:00',0,0),(390,4,5,'2023-11-19','2023-11-19 16:40:00',1,'2023-11-19 11:50:00',0,0),(391,4,18,'2023-11-19','2023-11-19 18:50:00',1,'2023-11-19 14:00:00',0,0),(392,4,5,'2023-11-19','2023-11-19 21:00:00',1,'2023-11-19 16:10:00',0,0);
/*!40000 ALTER TABLE `Cinemainterest` ENABLE KEYS */;
UNLOCK TABLES;

--
-- Table structure for table `comments`
--

DROP TABLE IF EXISTS `comments`;
/*!40101 SET @saved_cs_client     = @@character_set_client */;
/*!50503 SET character_set_client = utf8mb4 */;
CREATE TABLE `comments` (
  `Idcomments` varchar(255) CHARACTER SET utf8mb3 COLLATE utf8mb3_general_ci DEFAULT NULL,
  `Iduser` bigint DEFAULT NULL,
  `Idvideo` bigint DEFAULT NULL,
  KEY `kp_comments_user` (`Iduser`),
  KEY `kp_comments_video` (`Idvideo`),
  CONSTRAINT `kp_comments_user` FOREIGN KEY (`Iduser`) REFERENCES `Users` (`Idusers`),
  CONSTRAINT `kp_comments_video` FOREIGN KEY (`Idvideo`) REFERENCES `videouser` (`Idvideo`)
) ENGINE=InnoDB DEFAULT CHARSET=utf8mb4 COLLATE=utf8mb4_0900_ai_ci;
/*!40101 SET character_set_client = @saved_cs_client */;

--
-- Dumping data for table `comments`
--

LOCK TABLES `comments` WRITE;
/*!40000 ALTER TABLE `comments` DISABLE KEYS */;
/*!40000 ALTER TABLE `comments` ENABLE KEYS */;
UNLOCK TABLES;

--
-- Table structure for table `food`
--

DROP TABLE IF EXISTS `food`;
/*!40101 SET @saved_cs_client     = @@character_set_client */;
/*!50503 SET character_set_client = utf8mb4 */;
CREATE TABLE `food` (
  `Idfood` int NOT NULL AUTO_INCREMENT,
  `Namefood` varchar(255) CHARACTER SET utf8mb3 COLLATE utf8mb3_general_ci DEFAULT NULL,
  `quantityfood` int DEFAULT NULL,
  `picture` varchar(255) CHARACTER SET utf8mb3 COLLATE utf8mb3_general_ci DEFAULT NULL,
  `pricefood` int DEFAULT NULL,
  `Idcategoryfood` int DEFAULT NULL,
  `datecreate` datetime DEFAULT NULL,
  PRIMARY KEY (`Idfood`),
  KEY `kp_food_categoryfood` (`Idcategoryfood`),
  CONSTRAINT `kp_food_categoryfood` FOREIGN KEY (`Idcategoryfood`) REFERENCES `categoryfood` (`Idcategoryfood`)
) ENGINE=InnoDB AUTO_INCREMENT=9 DEFAULT CHARSET=utf8mb4 COLLATE=utf8mb4_0900_ai_ci;
/*!40101 SET character_set_client = @saved_cs_client */;

--
-- Dumping data for table `food`
--

LOCK TABLES `food` WRITE;
/*!40000 ALTER TABLE `food` DISABLE KEYS */;
INSERT INTO `food` VALUES (1,'bap lon to',45,'025858C3-EF1C-4B2A-B415-94B570BB0542.jpeg/025858C3-EF1C-4B2A-B415-94B570BB0542.jpeg',90000,2,'2023-09-27 15:46:39'),(2,'Gà nướng muối ớt',3,'05D81590-FB58-4B17-A5F2-9E1C4A4E7F22.jpeg/05D81590-FB58-4B17-A5F2-9E1C4A4E7F22.jpeg',100000,2,'2023-09-27 15:46:39'),(3,'Bắp nướng phô mai',3,'9C8FF230-D7A2-4652-A923-5D87820FBAAC.jpeg/9C8FF230-D7A2-4652-A923-5D87820FBAAC.jpeg',1000000,2,'2023-09-27 15:46:39'),(4,'Bắp nướng vị matcha',3,'string',0,2,'2023-09-27 15:46:39'),(5,'edwefwefwe',45,'4FA59CCD-2AF2-493B-840A-91B0E7C97BBC.jpeg/4FA59CCD-2AF2-493B-840A-91B0E7C97BBC.jpeg',100000,1,'2023-09-27 15:46:39'),(6,'Bắp nướng vị matcha',3,'string',0,2,'2023-09-27 15:46:39'),(7,'Bắp nướng vị matcha222',3,'string',0,2,'2023-10-28 22:54:10'),(8,'edwefwefwe',45,'4FA59CCD-2AF2-493B-840A-91B0E7C97BBC.jpeg/4FA59CCD-2AF2-493B-840A-91B0E7C97BBC.jpeg',100000,1,'2023-10-28 22:54:23');
/*!40000 ALTER TABLE `food` ENABLE KEYS */;
UNLOCK TABLES;

--
-- Table structure for table `FoodCombillPayment`
--

DROP TABLE IF EXISTS `FoodCombillPayment`;
/*!40101 SET @saved_cs_client     = @@character_set_client */;
/*!50503 SET character_set_client = utf8mb4 */;
CREATE TABLE `FoodCombillPayment` (
  `id` int NOT NULL AUTO_INCREMENT,
  `IdFoodcombo` int DEFAULT NULL,
  `idFoodlistcombo` int DEFAULT NULL,
  `numbers` int DEFAULT NULL,
  `total_price` int DEFAULT NULL,
  `datetimes` datetime DEFAULT NULL,
  `iduser` bigint DEFAULT NULL,
  `statusbillfoodcombo` int DEFAULT NULL,
  `idcinema` int DEFAULT NULL,
  `idcinemas` bigint DEFAULT NULL,
  PRIMARY KEY (`id`),
  KEY `kp_id_FoodComboBill` (`idFoodlistcombo`),
  KEY `kp_id_foodcombo` (`IdFoodcombo`),
  KEY `kp_iduser_listfoodcombo` (`iduser`),
  KEY `kp_idcinema_cinemaorderfoods` (`idcinemas`),
  CONSTRAINT `kp_id_foodcombo` FOREIGN KEY (`IdFoodcombo`) REFERENCES `Foodcombo` (`idcombo`),
  CONSTRAINT `kp_id_FoodComboBill` FOREIGN KEY (`idFoodlistcombo`) REFERENCES `FoodComboBill` (`Id`),
  CONSTRAINT `kp_idcinema_cinemaorderfoods` FOREIGN KEY (`idcinemas`) REFERENCES `Cinema` (`Idcinema`),
  CONSTRAINT `kp_iduser_listfoodcombo` FOREIGN KEY (`iduser`) REFERENCES `Users` (`Idusers`)
) ENGINE=InnoDB AUTO_INCREMENT=12 DEFAULT CHARSET=utf8mb4 COLLATE=utf8mb4_0900_ai_ci;
/*!40101 SET character_set_client = @saved_cs_client */;

--
-- Dumping data for table `FoodCombillPayment`
--

LOCK TABLES `FoodCombillPayment` WRITE;
/*!40000 ALTER TABLE `FoodCombillPayment` DISABLE KEYS */;
INSERT INTO `FoodCombillPayment` VALUES (7,1,21,3,1500000,'2023-10-16 13:54:53',2,0,1,1),(8,1,21,3,900000,'2023-10-16 14:49:53',2,0,1,1),(9,1,21,1,90000,'2023-10-17 12:55:56',NULL,0,NULL,1),(10,1,21,1,90000,'2023-10-17 12:57:00',2,0,NULL,1),(11,1,21,1,90000,'2023-10-27 00:43:51',2,1,NULL,1);
/*!40000 ALTER TABLE `FoodCombillPayment` ENABLE KEYS */;
UNLOCK TABLES;

--
-- Table structure for table `Foodcombo`
--

DROP TABLE IF EXISTS `Foodcombo`;
/*!40101 SET @saved_cs_client     = @@character_set_client */;
/*!50503 SET character_set_client = utf8mb4 */;
CREATE TABLE `Foodcombo` (
  `idcombo` int NOT NULL AUTO_INCREMENT,
  `descriptions` varchar(255) CHARACTER SET utf8mb3 COLLATE utf8mb3_general_ci DEFAULT NULL,
  `nametittle` varchar(255) CHARACTER SET utf8mb3 COLLATE utf8mb3_general_ci DEFAULT NULL,
  `priceCombo` int DEFAULT NULL,
  `picture` varchar(255) CHARACTER SET utf8mb3 COLLATE utf8mb3_general_ci DEFAULT NULL,
  PRIMARY KEY (`idcombo`)
) ENGINE=InnoDB AUTO_INCREMENT=7 DEFAULT CHARSET=utf8mb4 COLLATE=utf8mb4_0900_ai_ci;
/*!40101 SET character_set_client = @saved_cs_client */;

--
-- Dumping data for table `Foodcombo`
--

LOCK TABLES `Foodcombo` WRITE;
/*!40000 ALTER TABLE `Foodcombo` DISABLE KEYS */;
INSERT INTO `Foodcombo` VALUES (1,'2 ly nước lớn + 1 bắp lớn phiên bản giới hạn ','Combo 2 ly nước lon + 1 bắp phiên a giới hạn size lớn ',1000000,'F2C553E3-A0A5-4C6B-B5B0-170FF8C1F5A7.jpeg/F2C553E3-A0A5-4C6B-B5B0-170FF8C1F5A7.jpeg'),(2,'2 ly nước + 1 hộp bắp lớn','Combo 2 ly nước + 1 bắp lớn',500000,'1375B440-5D1F-4813-AA8A-1AA109DC76E4.jpeg/1375B440-5D1F-4813-AA8A-1AA109DC76E4.jpeg'),(3,'1 Ly nước + 1 bắp nhỏ','Combo 1 bắp nhỏ + 1  ly nước CoCa',200000,'4AEDA159-DA68-4F0A-A9E7-54835DAF76D8.jpeg/4AEDA159-DA68-4F0A-A9E7-54835DAF76D8.jpeg'),(4,'2 ly CoCa 1 hộp bắp nhỏ','Combo 2 ly nước CoCa + 1 Hộp bắp nhỏ',300000,'17F501D6-3CF8-4B15-91FE-1BF9F88C836D.jpeg/17F501D6-3CF8-4B15-91FE-1BF9F88C836D.jpeg'),(5,'Combo 1 miếng gà KFC + 1 bịch khoai Tây chiên nhỏ 1 hộp bắp con gà nhỏ','Combo 1 miếng gà KFC + 1 bịch khoai Tây chiên nhỏ 1 hộp bắp con gà nhỏ',1000000,'A0D7F624-3B12-4AA8-A79F-25499D023BF1.jpeg/A0D7F624-3B12-4AA8-A79F-25499D023BF1.jpeg'),(6,'Lo co mo ta','kiếm tra',100000,'3AD147EF-CE7B-4AFA-A534-3202CF7AB5E1.jpeg/3AD147EF-CE7B-4AFA-A534-3202CF7AB5E1.jpeg');
/*!40000 ALTER TABLE `Foodcombo` ENABLE KEYS */;
UNLOCK TABLES;

--
-- Table structure for table `FoodComboBill`
--

DROP TABLE IF EXISTS `FoodComboBill`;
/*!40101 SET @saved_cs_client     = @@character_set_client */;
/*!50503 SET character_set_client = utf8mb4 */;
CREATE TABLE `FoodComboBill` (
  `Id` int NOT NULL AUTO_INCREMENT,
  `idcombo` int DEFAULT NULL,
  `Idfood` int DEFAULT NULL,
  PRIMARY KEY (`Id`),
  KEY `KP_IDFOOD_BILL` (`Idfood`),
  KEY `KP_IDCOMBO_foodcbombo` (`idcombo`),
  CONSTRAINT `KP_IDCOMBO_foodcbombo` FOREIGN KEY (`idcombo`) REFERENCES `Foodcombo` (`idcombo`),
  CONSTRAINT `KP_IDFOOD_BILL` FOREIGN KEY (`Idfood`) REFERENCES `food` (`Idfood`)
) ENGINE=InnoDB AUTO_INCREMENT=39 DEFAULT CHARSET=utf8mb4 COLLATE=utf8mb4_0900_ai_ci;
/*!40101 SET character_set_client = @saved_cs_client */;

--
-- Dumping data for table `FoodComboBill`
--

LOCK TABLES `FoodComboBill` WRITE;
/*!40000 ALTER TABLE `FoodComboBill` DISABLE KEYS */;
INSERT INTO `FoodComboBill` VALUES (21,4,3),(22,4,4),(23,3,3),(24,3,4),(25,2,1),(26,2,2),(27,2,3),(28,1,1),(29,1,2),(30,1,3),(31,5,1),(32,5,2),(33,5,3),(34,5,4),(35,6,1),(36,6,2),(37,6,3),(38,6,4);
/*!40000 ALTER TABLE `FoodComboBill` ENABLE KEYS */;
UNLOCK TABLES;

--
-- Table structure for table `FoodComboWithBills`
--

DROP TABLE IF EXISTS `FoodComboWithBills`;
/*!40101 SET @saved_cs_client     = @@character_set_client */;
/*!50503 SET character_set_client = utf8mb4 */;
CREATE TABLE `FoodComboWithBills` (
  `IdBillfoodCombo` int NOT NULL AUTO_INCREMENT,
  `idcombo` int DEFAULT NULL,
  `Idbill` bigint DEFAULT NULL,
  PRIMARY KEY (`IdBillfoodCombo`),
  KEY `kp_IdbillCombofood_bill` (`Idbill`),
  KEY `kp_idcombo_combofood` (`idcombo`),
  CONSTRAINT `kp_IdbillCombofood_bill` FOREIGN KEY (`Idbill`) REFERENCES `Bill` (`Idbill`),
  CONSTRAINT `kp_idcombo_combofood` FOREIGN KEY (`idcombo`) REFERENCES `Foodcombo` (`idcombo`)
) ENGINE=InnoDB AUTO_INCREMENT=11 DEFAULT CHARSET=utf8mb4 COLLATE=utf8mb4_0900_ai_ci;
/*!40101 SET character_set_client = @saved_cs_client */;

--
-- Dumping data for table `FoodComboWithBills`
--

LOCK TABLES `FoodComboWithBills` WRITE;
/*!40000 ALTER TABLE `FoodComboWithBills` DISABLE KEYS */;
INSERT INTO `FoodComboWithBills` VALUES (3,3,6),(4,3,7),(5,2,16),(6,3,20),(7,1,23),(8,2,26),(9,4,53),(10,3,57);
/*!40000 ALTER TABLE `FoodComboWithBills` ENABLE KEYS */;
UNLOCK TABLES;

--
-- Table structure for table `listcategorychair`
--

DROP TABLE IF EXISTS `listcategorychair`;
/*!40101 SET @saved_cs_client     = @@character_set_client */;
/*!50503 SET character_set_client = utf8mb4 */;
CREATE TABLE `listcategorychair` (
  `Idlistcategorychair` int NOT NULL,
  `Idroom` bigint NOT NULL,
  `Idcategory` int NOT NULL,
  PRIMARY KEY (`Idlistcategorychair`),
  KEY `kp_listcategorychair_room` (`Idroom`),
  KEY `kp_listcategorychair_categorychair` (`Idcategory`),
  CONSTRAINT `kp_listcategorychair_categorychair` FOREIGN KEY (`Idcategory`) REFERENCES `Categorychair` (`Idcategorychair`),
  CONSTRAINT `kp_listcategorychair_room` FOREIGN KEY (`Idroom`) REFERENCES `Room` (`Idroom`)
) ENGINE=InnoDB DEFAULT CHARSET=utf8mb4 COLLATE=utf8mb4_0900_ai_ci;
/*!40101 SET character_set_client = @saved_cs_client */;

--
-- Dumping data for table `listcategorychair`
--

LOCK TABLES `listcategorychair` WRITE;
/*!40000 ALTER TABLE `listcategorychair` DISABLE KEYS */;
/*!40000 ALTER TABLE `listcategorychair` ENABLE KEYS */;
UNLOCK TABLES;

--
-- Table structure for table `listfoodbill`
--

DROP TABLE IF EXISTS `listfoodbill`;
/*!40101 SET @saved_cs_client     = @@character_set_client */;
/*!50503 SET character_set_client = utf8mb4 */;
CREATE TABLE `listfoodbill` (
  `Idlistfood` int NOT NULL AUTO_INCREMENT,
  `Idbill` bigint DEFAULT NULL,
  `Idfood` int DEFAULT NULL,
  PRIMARY KEY (`Idlistfood`),
  KEY `kp_listfoodbill_bill` (`Idbill`),
  KEY `kp_listfoodbill_food` (`Idfood`),
  CONSTRAINT `kp_listfoodbill_bill` FOREIGN KEY (`Idbill`) REFERENCES `Bill` (`Idbill`),
  CONSTRAINT `kp_listfoodbill_food` FOREIGN KEY (`Idfood`) REFERENCES `food` (`Idfood`)
) ENGINE=InnoDB DEFAULT CHARSET=utf8mb4 COLLATE=utf8mb4_0900_ai_ci;
/*!40101 SET character_set_client = @saved_cs_client */;

--
-- Dumping data for table `listfoodbill`
--

LOCK TABLES `listfoodbill` WRITE;
/*!40000 ALTER TABLE `listfoodbill` DISABLE KEYS */;
/*!40000 ALTER TABLE `listfoodbill` ENABLE KEYS */;
UNLOCK TABLES;

--
-- Table structure for table `ListFoodCombo`
--

DROP TABLE IF EXISTS `ListFoodCombo`;
/*!40101 SET @saved_cs_client     = @@character_set_client */;
/*!50503 SET character_set_client = utf8mb4 */;
CREATE TABLE `ListFoodCombo` (
  `id` int NOT NULL AUTO_INCREMENT,
  `Idfoodcombo` int DEFAULT NULL,
  `idfoodcombobill` int DEFAULT NULL,
  PRIMARY KEY (`id`),
  KEY `kp_idfoodcombo_listfoodcombo` (`Idfoodcombo`),
  KEY `kp_paymentlistfoodcombo_listfoodcombo` (`idfoodcombobill`),
  CONSTRAINT `kp_idfoodcombo_listfoodcombo` FOREIGN KEY (`Idfoodcombo`) REFERENCES `Foodcombo` (`idcombo`),
  CONSTRAINT `kp_paymentlistfoodcombo_listfoodcombo` FOREIGN KEY (`idfoodcombobill`) REFERENCES `FoodCombillPayment` (`id`)
) ENGINE=InnoDB AUTO_INCREMENT=15 DEFAULT CHARSET=utf8mb4 COLLATE=utf8mb4_0900_ai_ci;
/*!40101 SET character_set_client = @saved_cs_client */;

--
-- Dumping data for table `ListFoodCombo`
--

LOCK TABLES `ListFoodCombo` WRITE;
/*!40000 ALTER TABLE `ListFoodCombo` DISABLE KEYS */;
INSERT INTO `ListFoodCombo` VALUES (7,2,7),(8,4,8),(9,1,9),(10,1,9),(11,1,10),(12,1,10),(13,1,11),(14,1,11);
/*!40000 ALTER TABLE `ListFoodCombo` ENABLE KEYS */;
UNLOCK TABLES;

--
-- Table structure for table `Movie`
--

DROP TABLE IF EXISTS `Movie`;
/*!40101 SET @saved_cs_client     = @@character_set_client */;
/*!50503 SET character_set_client = utf8mb4 */;
CREATE TABLE `Movie` (
  `Idmovie` bigint NOT NULL AUTO_INCREMENT,
  `Namemovie` varchar(255) CHARACTER SET utf8mb3 COLLATE utf8mb3_general_ci DEFAULT NULL,
  `author` varchar(255) CHARACTER SET utf8mb3 COLLATE utf8mb3_general_ci DEFAULT NULL,
  `Yearbirthday` date DEFAULT NULL,
  `Idcategorymovie` int DEFAULT NULL,
  `Idnation` int DEFAULT NULL,
  `Timeall` int DEFAULT NULL,
  `Describes` varchar(255) CHARACTER SET utf8mb3 COLLATE utf8mb3_general_ci DEFAULT NULL,
  `poster` varchar(255) CHARACTER SET utf8mb3 COLLATE utf8mb3_general_ci DEFAULT NULL,
  `Idvideo` bigint DEFAULT NULL,
  `Statusshow` int DEFAULT NULL,
  PRIMARY KEY (`Idmovie`),
  KEY `kp_movie_nation` (`Idnation`),
  KEY `kp_movie_categorymovie` (`Idcategorymovie`),
  KEY `kp_movie_videouser` (`Idvideo`),
  CONSTRAINT `kp_movie_categorymovie` FOREIGN KEY (`Idcategorymovie`) REFERENCES `CategoryMovie` (`Idcategorymovie`),
  CONSTRAINT `kp_movie_nation` FOREIGN KEY (`Idnation`) REFERENCES `Nation` (`Idnation`),
  CONSTRAINT `kp_movie_videouser` FOREIGN KEY (`Idvideo`) REFERENCES `VideoUser` (`Idvideo`)
) ENGINE=InnoDB AUTO_INCREMENT=23 DEFAULT CHARSET=utf8mb4 COLLATE=utf8mb4_0900_ai_ci;
/*!40101 SET character_set_client = @saved_cs_client */;

--
-- Dumping data for table `Movie`
--

LOCK TABLES `Movie` WRITE;
/*!40000 ALTER TABLE `Movie` DISABLE KEYS */;
INSERT INTO `Movie` VALUES (1,'AVENGER END GAME','Marvel','2023-08-20',1,1,130,'Trong Avengers: Cuộc chiến vô cực,đội Avengers và Vệ binh dải Ngân Hà cố gắng ngăn chặn Thanos khỏi việc thu thập đầy đủ 6 Viên đá Vô cực và xóa sổ một nửa số sinh vật trong vũ trụ.','avenger.png/avenger.png',1,1),(2,'Last of US','Marvel','2023-08-20',1,1,130,'Chưa có nội dung','it.png/it.png',1,1),(3,'HARRY POSTTER','Marvel','2023-08-20',1,1,130,'Chưa có nội dung','harrypotter.jpeg/harrypotter.jpeg',1,1),(5,'THE EQUALIZER 3','Marvel','2023-08-23',1,1,130,'Chưa có nội dung','POSTER-THIENACDOIDAU.jpeg/POSTER-THIENACDOIDAU.jpeg',1,1),(7,'Siper Man','Marvel','2023-08-23',1,1,130,'Chưa có nội dung','siperman.jpeg/siperman.jpeg',1,1),(8,'THOR','Marvel','2023-08-23',1,1,130,'Chưa có nội dung','thor.jpeg/thor.jpeg',1,1),(14,'THE NUN II',' Michael Chaves','2023-08-08',3,1,130,'As the sequel to the world smash hit in 2019 of The Nun, the movie is set in France in 1956 with a mysterious death of a priest, a scary and haunting mythology will continue to revolve around the main character - Sister Irene. ','POSTER-THENUN.jpeg/POSTER-THENUN.jpeg',3,1),(15,'RETRIBUTION',' Nimrod Antal','2023-08-15',3,1,130,'A bank executive receives a bomb threat while driving his children to school that his car will explode if they stop and get out.','POSTER-RETRIBUTION.jpeg/POSTER-RETRIBUTION.jpeg',4,0),(16,'FIVE NIGHTS AT FREDDY','Emma Tammi','2023-08-08',3,1,130,'A troubled security guard begins working at Freddy Fazbears Pizza. During his first night on the job, he realizes that the night shift wont be so easy to get through. Pretty soon he will unveil what actually happened at Freddy','POSTER-FIVE.jpeg/POSTER-FIVE.jpeg',6,0),(17,'DUNE 2',' Denis Villeneuve','2023-08-08',3,1,130,'A boy becomes the Messiah of nomads on a desert planet that has giant worms that protect a commodity called Spice. Spice changes people into travelers, mystics and madmen. What price will he pay to become the new ruler of their universe?','POSTER-DUN2.jpeg/POSTER-DUN2.jpeg',7,0),(18,'KANGDANIEL: MY PARADE',' Jaeseok Park','2023-08-08',3,1,130,'-Sau sự nghiệp bùng nổ với vai trò là thành viên của Wanna One - một trong những nhóm nhạc K-pop hot nhất Hàn Quốc, KANGDANIEL đã lựa chọn con đường riêng của mình để phát triển. Sau khoảng thời gian chênh vênh trong những ngày đầu của sự nghiệp solo,','POSTER-MYPARADE.jpeg/POSTER-MYPARADE.jpeg',5,1),(20,'Phim ve sieu anh hunh','Nguyen xuan tien dung','2023-10-21',1,1,130,'chua co thong tin chi tiet ve phim nội dung nhằm mục đích thử nghiện sản phẩm','nnononononon',NULL,0),(21,'string','OMEGA DUNG CTR','2023-10-22',1,1,130,'string','FF4B74AD-177E-493A-8678-19AF9D9A721E.webp/FF4B74AD-177E-493A-8678-19AF9D9A721E.webp',7,1),(22,'ưqdqwdqwdqwdqwd','quưdqwdqwdqwdqwdqwd','2023-09-27',1,4,130,'Qưdqwdqwdqwdqwd','9781847E-2F24-4A44-AF81-CACE95874CEB.webp/9781847E-2F24-4A44-AF81-CACE95874CEB.webp',1,3);
/*!40000 ALTER TABLE `Movie` ENABLE KEYS */;
UNLOCK TABLES;

--
-- Table structure for table `Nation`
--

DROP TABLE IF EXISTS `Nation`;
/*!40101 SET @saved_cs_client     = @@character_set_client */;
/*!50503 SET character_set_client = utf8mb4 */;
CREATE TABLE `Nation` (
  `Idnation` int NOT NULL AUTO_INCREMENT,
  `Namenation` varchar(100) CHARACTER SET utf8mb3 COLLATE utf8mb3_general_ci DEFAULT NULL,
  PRIMARY KEY (`Idnation`)
) ENGINE=InnoDB AUTO_INCREMENT=6 DEFAULT CHARSET=utf8mb4 COLLATE=utf8mb4_0900_ai_ci;
/*!40101 SET character_set_client = @saved_cs_client */;

--
-- Dumping data for table `Nation`
--

LOCK TABLES `Nation` WRITE;
/*!40000 ALTER TABLE `Nation` DISABLE KEYS */;
INSERT INTO `Nation` VALUES (1,'Mỹ'),(2,'Ấn độ'),(3,'Hàn quốc'),(4,'Việt Nam'),(5,'Trung quốc');
/*!40000 ALTER TABLE `Nation` ENABLE KEYS */;
UNLOCK TABLES;

--
-- Table structure for table `paymentVNPAY`
--

DROP TABLE IF EXISTS `paymentVNPAY`;
/*!40101 SET @saved_cs_client     = @@character_set_client */;
/*!50503 SET character_set_client = utf8mb4 */;
CREATE TABLE `paymentVNPAY` (
  `idpaymentvnpay` int NOT NULL AUTO_INCREMENT,
  `vnp_Amount` varchar(255) CHARACTER SET utf8mb3 COLLATE utf8mb3_general_ci DEFAULT NULL,
  `vnp_BankCode` varchar(255) CHARACTER SET utf8mb3 COLLATE utf8mb3_general_ci DEFAULT NULL,
  `vnp_BackTranNo` varchar(255) CHARACTER SET utf8mb3 COLLATE utf8mb3_general_ci DEFAULT NULL,
  `vnp_CardType` varchar(255) CHARACTER SET utf8mb3 COLLATE utf8mb3_general_ci DEFAULT NULL,
  `vnp_OrderInfo` varchar(255) CHARACTER SET utf8mb3 COLLATE utf8mb3_general_ci DEFAULT NULL,
  `vnp_PayDate` varchar(255) CHARACTER SET utf8mb3 COLLATE utf8mb3_general_ci DEFAULT NULL,
  `vnp_ResponseCode` varchar(255) CHARACTER SET utf8mb3 COLLATE utf8mb3_general_ci DEFAULT NULL,
  `vnp_TmnCode` varchar(255) CHARACTER SET utf8mb3 COLLATE utf8mb3_general_ci DEFAULT NULL,
  `vnp_TransactionNo` varchar(255) CHARACTER SET utf8mb3 COLLATE utf8mb3_general_ci DEFAULT NULL,
  `vnp_TransactionSatus` varchar(255) CHARACTER SET utf8mb3 COLLATE utf8mb3_general_ci DEFAULT NULL,
  `vnp_TxnRef` varchar(255) CHARACTER SET utf8mb3 COLLATE utf8mb3_general_ci DEFAULT NULL,
  `vnp_SecureHash` varchar(255) CHARACTER SET utf8mb3 COLLATE utf8mb3_general_ci DEFAULT NULL,
  `Idbill` int DEFAULT NULL,
  `Idbills` bigint DEFAULT NULL,
  PRIMARY KEY (`idpaymentvnpay`),
  KEY `kp_idbill_Bills_paymentvnpay` (`Idbills`),
  CONSTRAINT `kp_idbill_Bills_paymentvnpay` FOREIGN KEY (`Idbills`) REFERENCES `Bill` (`Idbill`)
) ENGINE=InnoDB AUTO_INCREMENT=9 DEFAULT CHARSET=utf8mb4 COLLATE=utf8mb4_0900_ai_ci;
/*!40101 SET character_set_client = @saved_cs_client */;

--
-- Dumping data for table `paymentVNPAY`
--

LOCK TABLES `paymentVNPAY` WRITE;
/*!40000 ALTER TABLE `paymentVNPAY` DISABLE KEYS */;
INSERT INTO `paymentVNPAY` VALUES (1,'6000000','NCB','VNP14174468','ATM','Thanh toan don hang:638351716992170420','20231110000900','00','FB1598BO','14174468','00','46','3e020285e1c3a8b9ff32832e303a45e356713e0f6a94acbef10ab2cb7685122c23d115a9f868c77349869d556b6f079b484b128b260c4da47d3f5e5e24e9a973',NULL,46),(2,'12000000','NCB','VNP14174555','ATM','Thanh toan don hang:638351777943609760','20231110015056','00','FB1598BO','14174555','00','47','c88b4cd4656bb33768bdbd524184965dac5776b9bd4e0780e578dd81d0330a52a9a25eb984d7fdb6d28c64fc6e9b631bb44c3067c93da267b8aa82c913e35d77',NULL,47),(3,'12000000','NCB','VNP14174556','ATM','Thanh toan don hang:638351779426362680','20231110015347','00','FB1598BO','14174556','00','48','f5947cffbf756966d216770db6545fdf462fed0ac81ef3e2c82a97e4e2eb088c56b931baa5ecd1656e544b79ac2b19c19a03e19375e3854a951d42200c538e49',NULL,48),(4,'18000000','NCB','VNP14174558','ATM','Thanh toan don hang:638351781647954400','20231110015643','00','FB1598BO','14174558','00','49','f60ffc51353de958a7cf6c9ae76cbd4a5eb3618359e7628ecaae2b3edc257c7799fdfa33e4a313b01f1f8aadaf803525334866cd85b9e64767c776576bf635a7',NULL,49),(5,'6000000','NCB','VNP14174560','ATM','Thanh toan don hang:638351783003681770','20231110015856','00','FB1598BO','14174560','00','50','cf642479a67e9f110866dca1b5bce28dde901925f392dc59758c54d436ff9930f5aadf492a0baa004f7a292584d5a9fe4e3b427fd10cfbf72a7d03db043f93fd',NULL,50),(6,'42000000','NCB','VNP14183640','ATM','Thanh toan don hang:638357484934617860','20231116162256','00','FB1598BO','14183640','00','53','6291e49f77f0a4d51e1dd5739948438b5fd58ac0b9fc92bd3e851c0e5b76360796536504dcb4d2175f623086398e271861271a91a29f4a32dfef1731877bae6b',NULL,53),(7,'8000000','NCB','VNP14183644','ATM','Thanh toan don hang:638357486112791370','20231116162404','00','FB1598BO','14183644','00','54','d73707a395fa05eb101983057457e05dc5779cd4c0c8c4c8083de3bb31f092471bc85ab39cf6403abf9d1ce79bc58668ddb62ce8d021e33490300d5307609ea0',NULL,54),(8,'28000000','NCB','VNP14184046','ATM','Thanh toan don hang:638357642728395220','20231116204534','00','FB1598BO','14184046','00','57','6165baa9136e332f8b72ee4b8955894a708777edc9bc257d0fde34167dfffd78b9d31ed962a056249726fbfdb96400ad3c3a255953dc2e9e62c75b7dc9aea25b',NULL,57);
/*!40000 ALTER TABLE `paymentVNPAY` ENABLE KEYS */;
UNLOCK TABLES;

--
-- Table structure for table `problem`
--

DROP TABLE IF EXISTS `problem`;
/*!40101 SET @saved_cs_client     = @@character_set_client */;
/*!50503 SET character_set_client = utf8mb4 */;
CREATE TABLE `problem` (
  `Id` int NOT NULL AUTO_INCREMENT,
  `Title` varchar(255) CHARACTER SET utf8mb3 COLLATE utf8mb3_general_ci DEFAULT NULL,
  `Describes` varchar(255) CHARACTER SET utf8mb3 COLLATE utf8mb3_general_ci DEFAULT NULL,
  `Picture` varchar(255) CHARACTER SET utf8mb3 COLLATE utf8mb3_general_ci DEFAULT NULL,
  `Idcategory` int DEFAULT NULL,
  `Idusers` bigint DEFAULT NULL,
  PRIMARY KEY (`Id`),
  KEY `kp_problem_user` (`Idusers`),
  CONSTRAINT `kp_problem_user` FOREIGN KEY (`Idusers`) REFERENCES `Users` (`Idusers`)
) ENGINE=InnoDB DEFAULT CHARSET=utf8mb4 COLLATE=utf8mb4_0900_ai_ci;
/*!40101 SET character_set_client = @saved_cs_client */;

--
-- Dumping data for table `problem`
--

LOCK TABLES `problem` WRITE;
/*!40000 ALTER TABLE `problem` DISABLE KEYS */;
/*!40000 ALTER TABLE `problem` ENABLE KEYS */;
UNLOCK TABLES;

--
-- Table structure for table `Roles`
--

DROP TABLE IF EXISTS `Roles`;
/*!40101 SET @saved_cs_client     = @@character_set_client */;
/*!50503 SET character_set_client = utf8mb4 */;
CREATE TABLE `Roles` (
  `Idrole` int NOT NULL AUTO_INCREMENT,
  `IdName` varchar(100) CHARACTER SET utf8mb3 COLLATE utf8mb3_general_ci DEFAULT NULL,
  PRIMARY KEY (`Idrole`)
) ENGINE=InnoDB AUTO_INCREMENT=5 DEFAULT CHARSET=utf8mb4 COLLATE=utf8mb4_0900_ai_ci;
/*!40101 SET character_set_client = @saved_cs_client */;

--
-- Dumping data for table `Roles`
--

LOCK TABLES `Roles` WRITE;
/*!40000 ALTER TABLE `Roles` DISABLE KEYS */;
INSERT INTO `Roles` VALUES (1,'user'),(2,'manager'),(3,'employee'),(4,'admin');
/*!40000 ALTER TABLE `Roles` ENABLE KEYS */;
UNLOCK TABLES;

--
-- Table structure for table `Room`
--

DROP TABLE IF EXISTS `Room`;
/*!40101 SET @saved_cs_client     = @@character_set_client */;
/*!50503 SET character_set_client = utf8mb4 */;
CREATE TABLE `Room` (
  `Idroom` bigint NOT NULL AUTO_INCREMENT,
  `Allchair` int DEFAULT NULL,
  `Nameroom` varchar(20) CHARACTER SET utf8mb3 COLLATE utf8mb3_general_ci NOT NULL,
  `Chairinrow` int DEFAULT NULL,
  `statusroom` int DEFAULT NULL,
  `Idcinema` bigint DEFAULT NULL,
  PRIMARY KEY (`Idroom`),
  KEY `fk_idcinema_cinemas` (`Idcinema`),
  CONSTRAINT `fk_idcinema_cinemas` FOREIGN KEY (`Idcinema`) REFERENCES `Cinema` (`Idcinema`)
) ENGINE=InnoDB AUTO_INCREMENT=16 DEFAULT CHARSET=utf8mb4 COLLATE=utf8mb4_0900_ai_ci;
/*!40101 SET character_set_client = @saved_cs_client */;

--
-- Dumping data for table `Room`
--

LOCK TABLES `Room` WRITE;
/*!40000 ALTER TABLE `Room` DISABLE KEYS */;
INSERT INTO `Room` VALUES (1,50,'RAP A1',12,1,1),(3,100,'RAP 2',12,1,1),(4,200,'RAP 3',13,1,1),(5,200,'RAP 4',13,1,1),(6,200,'RAP 6',13,1,1),(7,200,'RAP 3',13,1,1),(8,200,'RAP 10',13,1,1),(9,200,'RAP 90',13,1,1),(10,200,'RAP 3',13,1,1),(11,0,'RAP 3',13,1,1),(12,20,'RAP C1',13,1,1),(13,10,'rap tesst',13,1,1),(14,30,'rap aa1',13,1,1),(15,23,'rap no name',13,1,1);
/*!40000 ALTER TABLE `Room` ENABLE KEYS */;
UNLOCK TABLES;

--
-- Table structure for table `ticket`
--

DROP TABLE IF EXISTS `ticket`;
/*!40101 SET @saved_cs_client     = @@character_set_client */;
/*!50503 SET character_set_client = utf8mb4 */;
CREATE TABLE `ticket` (
  `Idticket` bigint NOT NULL AUTO_INCREMENT,
  `Idchair` int DEFAULT NULL,
  `Idinterest` int DEFAULT NULL,
  `Pricechair` int DEFAULT NULL,
  `Idbill` bigint DEFAULT NULL,
  PRIMARY KEY (`Idticket`),
  KEY `kp_ticket_chair` (`Idchair`),
  KEY `kp_ticket_interest` (`Idinterest`),
  KEY `kp_ticket_bill` (`Idbill`),
  CONSTRAINT `kp_ticket_bill` FOREIGN KEY (`Idbill`) REFERENCES `Bill` (`Idbill`),
  CONSTRAINT `kp_ticket_chair` FOREIGN KEY (`Idchair`) REFERENCES `chair` (`Idchair`),
  CONSTRAINT `kp_ticket_interest` FOREIGN KEY (`Idinterest`) REFERENCES `cinemainterest` (`Idinterest`)
) ENGINE=InnoDB AUTO_INCREMENT=182 DEFAULT CHARSET=utf8mb4 COLLATE=utf8mb4_0900_ai_ci;
/*!40101 SET character_set_client = @saved_cs_client */;

--
-- Dumping data for table `ticket`
--

LOCK TABLES `ticket` WRITE;
/*!40000 ALTER TABLE `ticket` DISABLE KEYS */;
INSERT INTO `ticket` VALUES (4,278,3,130000,3),(5,279,3,130000,3),(6,280,3,130000,3),(7,271,3,20000,7),(8,272,3,20000,7),(9,273,3,20000,7),(10,274,3,20000,7),(11,275,3,20000,7),(12,269,4,0,16),(13,282,4,0,16),(14,256,4,0,17),(15,257,4,0,17),(16,256,5,0,18),(17,269,5,0,18),(18,282,5,0,18),(19,295,5,0,18),(20,283,5,0,19),(21,296,5,0,19),(22,283,4,0,20),(23,284,4,0,20),(24,296,4,0,20),(25,297,4,0,20),(26,251,4,0,21),(27,252,4,0,21),(28,293,4,0,22),(29,294,4,0,22),(30,295,4,0,22),(31,259,139,0,23),(32,272,139,0,23),(33,285,139,0,23),(34,298,139,0,23),(35,451,271,0,24),(36,452,271,0,24),(37,453,271,0,24),(38,454,271,0,24),(39,455,271,0,24),(40,257,329,0,25),(41,270,329,0,25),(42,283,329,0,25),(43,409,335,0,26),(44,410,335,0,26),(45,411,335,0,26),(46,422,335,0,26),(47,423,335,0,26),(48,424,335,0,26),(49,435,335,0,26),(50,436,335,0,26),(51,448,335,0,26),(52,449,335,0,26),(53,450,335,0,26),(54,508,349,0,27),(55,509,349,0,27),(56,521,349,0,27),(57,522,349,0,27),(58,721,355,0,28),(59,722,355,0,28),(60,723,355,0,28),(61,734,355,0,28),(62,735,355,0,28),(63,736,355,0,28),(64,747,355,0,28),(65,748,355,0,29),(66,749,355,0,29),(67,761,355,0,29),(68,762,355,0,29),(69,773,355,0,30),(70,774,355,0,30),(71,775,355,0,30),(72,773,355,0,31),(73,774,355,0,31),(74,775,355,0,31),(75,761,357,0,32),(76,762,357,0,32),(77,774,357,0,32),(78,775,357,0,32),(79,776,357,0,32),(80,787,357,0,32),(81,788,357,0,32),(82,789,357,0,32),(83,813,357,0,33),(84,814,357,0,33),(85,815,357,0,33),(86,839,357,0,34),(87,840,357,0,34),(88,841,357,0,34),(89,842,357,0,34),(90,748,357,0,35),(91,749,357,0,35),(92,750,357,0,35),(93,763,357,0,35),(94,746,357,0,36),(95,759,357,0,36),(96,772,357,0,36),(97,747,357,0,37),(98,760,357,0,37),(99,773,357,0,37),(100,735,357,0,38),(101,736,357,0,38),(102,737,357,0,38),(103,719,357,0,39),(104,720,357,0,39),(105,721,357,0,39),(106,696,357,0,40),(107,697,357,0,40),(108,698,357,0,40),(109,682,357,0,41),(110,683,357,0,41),(111,684,357,0,41),(112,773,355,0,42),(113,774,355,0,42),(114,775,355,0,42),(115,669,357,0,43),(116,670,357,0,43),(117,671,357,0,43),(118,708,357,0,44),(119,709,357,0,44),(120,710,357,0,44),(121,655,357,0,45),(122,656,357,0,45),(123,657,357,0,45),(124,800,357,0,46),(125,801,357,0,46),(126,802,357,0,46),(127,695,360,0,47),(128,696,360,0,47),(129,697,360,0,47),(130,708,360,0,47),(131,709,360,0,47),(132,710,360,0,47),(133,747,360,0,48),(134,748,360,0,48),(135,749,360,0,48),(136,760,360,0,48),(137,761,360,0,48),(138,762,360,0,48),(139,734,364,0,49),(140,735,364,0,49),(141,736,364,0,49),(142,747,364,0,49),(143,748,364,0,49),(144,749,364,0,49),(145,760,364,0,49),(146,761,364,0,49),(147,762,364,0,49),(148,734,360,0,50),(149,735,360,0,50),(150,736,360,0,50),(151,521,365,0,51),(152,522,365,0,51),(153,523,365,0,51),(154,534,365,0,51),(155,535,365,0,51),(156,536,365,0,51),(157,575,365,0,52),(158,576,365,0,52),(159,588,365,0,52),(160,589,365,0,52),(161,572,365,0,53),(162,573,365,0,53),(163,574,365,0,53),(164,585,365,0,53),(165,586,365,0,53),(166,587,365,0,53),(167,548,365,0,54),(168,549,365,0,54),(169,561,365,0,54),(170,562,365,0,54),(171,508,365,0,55),(172,509,365,0,55),(173,510,365,0,55),(174,547,370,0,56),(175,548,370,0,56),(176,560,370,0,56),(177,561,370,0,56),(178,520,370,0,57),(179,533,370,0,57),(180,546,370,0,57),(181,559,370,0,57);
/*!40000 ALTER TABLE `ticket` ENABLE KEYS */;
UNLOCK TABLES;

--
-- Table structure for table `userofcinema`
--

DROP TABLE IF EXISTS `userofcinema`;
/*!40101 SET @saved_cs_client     = @@character_set_client */;
/*!50503 SET character_set_client = utf8mb4 */;
CREATE TABLE `userofcinema` (
  `Iduserofcinema` int NOT NULL AUTO_INCREMENT,
  `Iduser` bigint DEFAULT NULL,
  `Idcinema` bigint DEFAULT NULL,
  PRIMARY KEY (`Iduserofcinema`),
  KEY `kp_userofcinema_user` (`Iduser`),
  KEY `kp_userofcinema_cinema` (`Idcinema`),
  CONSTRAINT `kp_userofcinema_cinema` FOREIGN KEY (`Idcinema`) REFERENCES `Cinema` (`Idcinema`),
  CONSTRAINT `kp_userofcinema_user` FOREIGN KEY (`Iduser`) REFERENCES `Users` (`Idusers`)
) ENGINE=InnoDB AUTO_INCREMENT=11 DEFAULT CHARSET=utf8mb4 COLLATE=utf8mb4_0900_ai_ci;
/*!40101 SET character_set_client = @saved_cs_client */;

--
-- Dumping data for table `userofcinema`
--

LOCK TABLES `userofcinema` WRITE;
/*!40000 ALTER TABLE `userofcinema` DISABLE KEYS */;
INSERT INTO `userofcinema` VALUES (1,3,1),(2,1,1),(3,4,1),(4,5,1),(5,6,1),(7,8,1),(8,9,1),(9,10,1),(10,11,1);
/*!40000 ALTER TABLE `userofcinema` ENABLE KEYS */;
UNLOCK TABLES;

--
-- Table structure for table `Users`
--

DROP TABLE IF EXISTS `Users`;
/*!40101 SET @saved_cs_client     = @@character_set_client */;
/*!50503 SET character_set_client = utf8mb4 */;
CREATE TABLE `Users` (
  `Idusers` bigint NOT NULL AUTO_INCREMENT,
  `Fullname` varchar(255) CHARACTER SET utf8mb3 COLLATE utf8mb3_general_ci NOT NULL,
  `Email` varchar(255) CHARACTER SET utf8mb3 COLLATE utf8mb3_general_ci DEFAULT NULL,
  `Phone` char(11) DEFAULT NULL,
  `Birthday` date DEFAULT NULL,
  `Idrole` int DEFAULT NULL,
  `avatar` varchar(255) CHARACTER SET utf8mb3 COLLATE utf8mb3_general_ci DEFAULT NULL,
  `gender` int DEFAULT NULL,
  `statuss` int DEFAULT NULL,
  `address` varchar(255) CHARACTER SET utf8mb3 COLLATE utf8mb3_general_ci DEFAULT NULL,
  PRIMARY KEY (`Idusers`),
  KEY `kp_user_role` (`Idrole`),
  CONSTRAINT `kp_user_role` FOREIGN KEY (`Idrole`) REFERENCES `Roles` (`Idrole`)
) ENGINE=InnoDB AUTO_INCREMENT=13 DEFAULT CHARSET=utf8mb4 COLLATE=utf8mb4_0900_ai_ci;
/*!40101 SET character_set_client = @saved_cs_client */;

--
-- Dumping data for table `Users`
--

LOCK TABLES `Users` WRITE;
/*!40000 ALTER TABLE `Users` DISABLE KEYS */;
INSERT INTO `Users` VALUES (1,'NGUYỄN XUÂN TIẾN DŨNG','ndung938@gmail.com','0369159966','2023-09-14',2,'1DABE66B-BE66-4E48-B44E-7FC1E1DD373C.jpeg/1DABE66B-BE66-4E48-B44E-7FC1E1DD373C.jpeg',0,0,'Hutch van nghue phong 15 tan bing Thanh Ohio ho cho kinh'),(2,'NGUYỄN XUÂN TIẾN DŨNG','ndung983@gmail.com','0369159966','2023-10-15',1,'09F42B52-85B7-4619-BC80-5AEEC1BDD661.webp/09F42B52-85B7-4619-BC80-5AEEC1BDD661.webp',1,0,'Nothing'),(3,'Nguyễn Văn Hiền','hiennxv@gmail.com','0909519996','2023-09-13',3,'F225AEB0-7994-46C9-948E-D7D23D3ACE08.jpeg/F225AEB0-7994-46C9-948E-D7D23D3ACE08.jpeg',1,1,''),(4,'Tran Bá thiên','hiennxt@gmail.com','0909090909','2023-09-13',3,'3B1E7EC9-9828-46FA-8AB8-0A98BF67E5B7.jpeg/3B1E7EC9-9828-46FA-8AB8-0A98BF67E5B7.jpeg',0,1,'Qwqweqweqweqwdqwdqwdqwd'),(5,'Nguyễn Ngoc Thanh Van','hiennxt@gmail.com','1234567890','2023-09-13',3,'E55CF19C-F127-4251-B3AD-5D14F08BB08A.jpeg/E55CF19C-F127-4251-B3AD-5D14F08BB08A.jpeg',0,1,'No co nah'),(6,'Nguyễn Xuân Diệu','hiennxt@gmail.com','0909579999','2023-09-13',3,'4B95DE9D-A503-46BE-9145-9B4EE173DBFD.jpeg/4B95DE9D-A503-46BE-9145-9B4EE173DBFD.jpeg',0,0,'Qwqdqwdqwdqwd'),(7,'Nguyễn Huy Hiệu','hieu@gmail.com','09098888888','2023-09-11',3,'none',1,0,NULL),(8,'Nguyễn Kanh Duy','hieu@gmail.com','0909888888','2023-09-13',3,'1DEF0837-DD20-4D5F-8C80-1186F3B167E2.jpeg/1DEF0837-DD20-4D5F-8C80-1186F3B167E2.jpeg',1,0,'Qweqweqweqweqweqweqwe'),(9,'Nguyễn Huy Hiệu','hieu@gmail.com','09098888','2023-09-13',3,'A7B17628-0F5B-49F0-B7D8-A652ABED7BC0.jpeg/A7B17628-0F5B-49F0-B7D8-A652ABED7BC0.jpeg',1,0,'ko co nha de o'),(10,'Nguyễn Thao nhi','hieu@gmail.com','0909888888','2023-09-13',3,'B13A539F-F74B-47CA-BB95-280441333D53.jpeg/B13A539F-F74B-47CA-BB95-280441333D53.jpeg',1,0,'ko co nha de o'),(11,'Le Tuần Kiệt','kiet@gmail.com','0369159966','2023-09-13',3,'4F85FE20-A164-49DA-8909-83EC856C29B7.jpeg/4F85FE20-A164-49DA-8909-83EC856C29B7.jpeg',0,0,'Không co nha cua nen thoi '),(12,'string','string',NULL,NULL,1,NULL,NULL,NULL,NULL);
/*!40000 ALTER TABLE `Users` ENABLE KEYS */;
UNLOCK TABLES;

--
-- Table structure for table `videouser`
--

DROP TABLE IF EXISTS `videouser`;
/*!40101 SET @saved_cs_client     = @@character_set_client */;
/*!50503 SET character_set_client = utf8mb4 */;
CREATE TABLE `videouser` (
  `Idvideo` bigint NOT NULL AUTO_INCREMENT,
  `Videofile` varchar(255) CHARACTER SET utf8mb3 COLLATE utf8mb3_general_ci DEFAULT NULL,
  `Iduser` bigint DEFAULT NULL,
  `Titlevideo` varchar(255) CHARACTER SET utf8mb3 COLLATE utf8mb3_general_ci DEFAULT NULL,
  `Describes` varchar(255) CHARACTER SET utf8mb3 COLLATE utf8mb3_general_ci DEFAULT NULL,
  `Dateup` datetime DEFAULT NULL,
  `Imageview` varchar(255) CHARACTER SET utf8mb3 COLLATE utf8mb3_general_ci DEFAULT NULL,
  `types` int DEFAULT NULL,
  PRIMARY KEY (`Idvideo`),
  KEY `kp_videouser_users` (`Iduser`),
  CONSTRAINT `kp_videouser_users` FOREIGN KEY (`Iduser`) REFERENCES `Users` (`Idusers`)
) ENGINE=InnoDB AUTO_INCREMENT=8 DEFAULT CHARSET=utf8mb4 COLLATE=utf8mb4_0900_ai_ci;
/*!40101 SET character_set_client = @saved_cs_client */;

--
-- Dumping data for table `videouser`
--

LOCK TABLES `videouser` WRITE;
/*!40000 ALTER TABLE `videouser` DISABLE KEYS */;
INSERT INTO `videouser` VALUES (1,'/Uploads/Movie/videotest.mp4/videotest.mp4',1,'Video test thu nghiem','khong co noi dung kiem tra du lieu','2023-08-20 23:01:23','none',1),(2,'video-game.mp4/video-game.mp4',1,'Video thu nghiem test game','khong co thong tin chua cap nhat','2023-09-24 00:00:00','none',1),(3,'su9U7ENqmKw',1,'THE NUN II','CHUA CO MO TA','2023-08-08 00:00:00','NONE',0),(4,'4r7SXNaCosk',1,'RETRIBUTION','CHUA CO MO TA','2023-08-08 00:00:00','NONE',0),(5,'00fGS87dWQU',1,'KANGDANIEL: MY PARADE','CHUA CO MO TA','2023-08-08 00:00:00','NONE',0),(6,'yGeoPHN0Pss',1,'NĂM ĐÊM KINH HOÀNG','CHUA CO MO TA','2023-08-08 00:00:00','NONE',0),(7,'_DS9QpvtAjE',1,'DUNE: HÀNH TINH CÁT - PHẦN HAI','CHUA CO MO TA','2023-08-08 00:00:00','NONE',0);
/*!40000 ALTER TABLE `videouser` ENABLE KEYS */;
UNLOCK TABLES;

--
-- Table structure for table `voucher`
--

DROP TABLE IF EXISTS `voucher`;
/*!40101 SET @saved_cs_client     = @@character_set_client */;
/*!50503 SET character_set_client = utf8mb4 */;
CREATE TABLE `voucher` (
  `Idvoucher` int NOT NULL AUTO_INCREMENT,
  `Namevoucher` varchar(255) CHARACTER SET utf8mb3 COLLATE utf8mb3_general_ci DEFAULT NULL,
  `Price` int DEFAULT NULL,
  `Percent` int DEFAULT NULL,
  `Note` varchar(255) CHARACTER SET utf8mb3 COLLATE utf8mb3_general_ci DEFAULT NULL,
  `Poster` varchar(255) CHARACTER SET utf8mb3 COLLATE utf8mb3_general_ci DEFAULT NULL,
  `statuss` int DEFAULT NULL,
  PRIMARY KEY (`Idvoucher`)
) ENGINE=InnoDB AUTO_INCREMENT=16 DEFAULT CHARSET=utf8mb4 COLLATE=utf8mb4_0900_ai_ci;
/*!40101 SET character_set_client = @saved_cs_client */;

--
-- Dumping data for table `voucher`
--

LOCK TABLES `voucher` WRITE;
/*!40000 ALTER TABLE `voucher` DISABLE KEYS */;
INSERT INTO `voucher` VALUES (1,'TUẦN LỄ REFILL COCA-COLA SIÊU ĐÃ!',0,0,'Nội dung ưu đãi: Khi mua hóa đơn Bắp nước hay merchandise bất kì trị giá từ 139,000 vnd trở lên, được tặng tối đa 02 lần refill Coke 32oz (áp dụng cho mỗi hóa đơn hợp lệ).','VOUCHER-TUANLEREFILL.jpeg/VOUCHER-TUANLEREFILL.jpeg',1),(6,'MUA VÉ XEM PHIM 2D TẠI CGV VỚI GIÁ CHỈ 39.000VNĐ',0,0,'2. Nội dung ưu đãi:Mua 02 (hai) vé xem phim 2D tại CGV với giá 78.000 VNĐ. Số lượng vé mua tối thiểu mỗi lần là 02 ( hai ) vé.Khách hàng thực hiện giao dịch mua vé vào thứ bảy và chủ nhật hàng tuần từ 9:00 – 23:59','VOUCHER-BUYTICKET.jpeg/VOUCHER-BUYTICKET.jpeg',1),(7,'THỨ TƯ VUI VẺ CÙNG CGV',0,0,'Thứ Tư Vui Vẻ cùng CGV vào mỗi thứ Tư hàng tuần, bạn sẽ được tận hưởng những bộ phim siêu phẩm với giá cực ưu đãi! Nào, hãy đến CGV ngay để nạp lại năng lượng mà không cần chờ đến cuối tuần nào! ','VOUCHER-THU4.png/VOUCHER-THU4.png',1),(8,'TRẢI NGHIỆM GẶP MISS ÂM PHỦ VALAK VỚI HIỆU ỨNG ÂM THANH VÀ HÌNH ẢNH ĐỈNH CAO CÙNG CGV IMAX!',0,0,'1. NỘI DUNG CHƯƠNG TRÌNHTừ ngày 01/09/2023 đến khi hết quà: 3300 khách hàng đầu tiên đặt vé xem phim Ác Quỷ Ma Sơ 2','VOUCHER-THENUN.jpeg/VOUCHER-THENUN.jpeg',1),(9,'NHẬP MOMO9K- NHẬN NGAY VOUCHER KHỦNG',0,0,'Ưu đãi siêu to khổng lồ dành riêng cho bạn mới lần đầu đăng ký dùng MoMo: Voucher mua vé xem phim 2D CGV chỉ 9.000đ. Nhanh tay đăng ký, rinh liền deal hời, xem phim thả ga.','VOUCHER-MOMO.png/VOUCHER-MOMO.png',1),(10,'khong co voucher',0,0,'none','',-1),(11,'chinh sua',0,5,'giam 5% cho cac ve','eowridwepoifdopwef',NULL),(12,'siêu cap vip voucher',0,10,'Giam trực tiếp cho toan bo ve 100k giam chay het minh','DAC8DC8E-0F06-42FA-906C-5B7E3A2FAA17.jpeg/DAC8DC8E-0F06-42FA-906C-5B7E3A2FAA17.jpeg',1),(13,'voucher danh cho tai khoan đau tiền cua rap8p89egr',0,20,'GIAM 20% CHO TOAN BO TAI KHOAN','F53E5EEA-C3AC-4ACE-BEBE-650B547F3A22.jpeg/F53E5EEA-C3AC-4ACE-BEBE-650B547F3A22.jpeg',1),(14,'voucher egergergergergergerg',0,10,'Nhap noi dung werwer','EBB9ADAC-0A55-4285-8415-A8EE72E6EB60.jpeg/EBB9ADAC-0A55-4285-8415-A8EE72E6EB60.jpeg',1),(15,'ewe were wed',300000,0,'Nhap noi dung wfwe','1E890DC3-F8AA-438C-AC87-02E525C8CB7B.jpeg/1E890DC3-F8AA-438C-AC87-02E525C8CB7B.jpeg',1);
/*!40000 ALTER TABLE `voucher` ENABLE KEYS */;
UNLOCK TABLES;

--
-- Dumping events for database 'cinema'
--

--
-- Dumping routines for database 'cinema'
--
/*!50003 DROP PROCEDURE IF EXISTS `getDetailMovie` */;
/*!50003 SET @saved_cs_client      = @@character_set_client */ ;
/*!50003 SET @saved_cs_results     = @@character_set_results */ ;
/*!50003 SET @saved_col_connection = @@collation_connection */ ;
/*!50003 SET character_set_client  = utf8mb4 */ ;
/*!50003 SET character_set_results = utf8mb4 */ ;
/*!50003 SET collation_connection  = utf8mb4_0900_ai_ci */ ;
/*!50003 SET @saved_sql_mode       = @@sql_mode */ ;
/*!50003 SET sql_mode              = 'ONLY_FULL_GROUP_BY,STRICT_TRANS_TABLES,NO_ZERO_IN_DATE,NO_ZERO_DATE,ERROR_FOR_DIVISION_BY_ZERO,NO_ENGINE_SUBSTITUTION' */ ;
DELIMITER ;;
CREATE DEFINER=`root`@`localhost` PROCEDURE `getDetailMovie`(
     IN Id bigint
)
BEGIN
   SELECT m.Idmovie,u.Idvideo,m.Namemovie,m.author,m.Yearbirthday,m.Timeall,m.Describes,m.poster,m.Statusshow,ct.Namecategorymovie,nt.Namenation,u.Videofile,ct.Idcategorymovie,nt.Idnation FROM cinema.Movie m 
   inner join cinema.videouser u on m.Idvideo = u.Idvideo
   inner join cinema.CategoryMovie ct on ct.Idcategorymovie = m.Idcategorymovie
   inner join cinema.Nation nt on nt.Idnation = m.Idnation
   where m.Idmovie = Id;
END ;;
DELIMITER ;
/*!50003 SET sql_mode              = @saved_sql_mode */ ;
/*!50003 SET character_set_client  = @saved_cs_client */ ;
/*!50003 SET character_set_results = @saved_cs_results */ ;
/*!50003 SET collation_connection  = @saved_col_connection */ ;
/*!50003 DROP PROCEDURE IF EXISTS `getInfoAccount` */;
/*!50003 SET @saved_cs_client      = @@character_set_client */ ;
/*!50003 SET @saved_cs_results     = @@character_set_results */ ;
/*!50003 SET @saved_col_connection = @@collation_connection */ ;
/*!50003 SET character_set_client  = utf8mb4 */ ;
/*!50003 SET character_set_results = utf8mb4 */ ;
/*!50003 SET collation_connection  = utf8mb4_0900_ai_ci */ ;
/*!50003 SET @saved_sql_mode       = @@sql_mode */ ;
/*!50003 SET sql_mode              = 'ONLY_FULL_GROUP_BY,STRICT_TRANS_TABLES,NO_ZERO_IN_DATE,NO_ZERO_DATE,ERROR_FOR_DIVISION_BY_ZERO,NO_ENGINE_SUBSTITUTION' */ ;
DELIMITER ;;
CREATE DEFINER=`root`@`localhost` PROCEDURE `getInfoAccount`(
     IN Id bigint
)
BEGIN
   select u.Idusers,u.Fullname,u.Email,u.phone,u.Birthday,r.Idrole,R.IdName,u.avatar,u.gender, u.address from cinema.Users u inner join cinema.Roles r on r.Idrole = u.Idrole 
   where u.Idusers = Id;
END ;;
DELIMITER ;
/*!50003 SET sql_mode              = @saved_sql_mode */ ;
/*!50003 SET character_set_client  = @saved_cs_client */ ;
/*!50003 SET character_set_results = @saved_cs_results */ ;
/*!50003 SET collation_connection  = @saved_col_connection */ ;
/*!50003 DROP PROCEDURE IF EXISTS `getInfoCinema` */;
/*!50003 SET @saved_cs_client      = @@character_set_client */ ;
/*!50003 SET @saved_cs_results     = @@character_set_results */ ;
/*!50003 SET @saved_col_connection = @@collation_connection */ ;
/*!50003 SET character_set_client  = utf8mb4 */ ;
/*!50003 SET character_set_results = utf8mb4 */ ;
/*!50003 SET collation_connection  = utf8mb4_0900_ai_ci */ ;
/*!50003 SET @saved_sql_mode       = @@sql_mode */ ;
/*!50003 SET sql_mode              = 'ONLY_FULL_GROUP_BY,STRICT_TRANS_TABLES,NO_ZERO_IN_DATE,NO_ZERO_DATE,ERROR_FOR_DIVISION_BY_ZERO,NO_ENGINE_SUBSTITUTION' */ ;
DELIMITER ;;
CREATE DEFINER=`root`@`localhost` PROCEDURE `getInfoCinema`(
   IN IdUsers int
)
BEGIN
    select * from cinema.userofcinema ci where ci.Iduser = IdUsers;
END ;;
DELIMITER ;
/*!50003 SET sql_mode              = @saved_sql_mode */ ;
/*!50003 SET character_set_client  = @saved_cs_client */ ;
/*!50003 SET character_set_results = @saved_cs_results */ ;
/*!50003 SET collation_connection  = @saved_col_connection */ ;
/*!50003 DROP PROCEDURE IF EXISTS `getListChairRoomCinema` */;
/*!50003 SET @saved_cs_client      = @@character_set_client */ ;
/*!50003 SET @saved_cs_results     = @@character_set_results */ ;
/*!50003 SET @saved_col_connection = @@collation_connection */ ;
/*!50003 SET character_set_client  = utf8mb4 */ ;
/*!50003 SET character_set_results = utf8mb4 */ ;
/*!50003 SET collation_connection  = utf8mb4_0900_ai_ci */ ;
/*!50003 SET @saved_sql_mode       = @@sql_mode */ ;
/*!50003 SET sql_mode              = 'ONLY_FULL_GROUP_BY,STRICT_TRANS_TABLES,NO_ZERO_IN_DATE,NO_ZERO_DATE,ERROR_FOR_DIVISION_BY_ZERO,NO_ENGINE_SUBSTITUTION' */ ;
DELIMITER ;;
CREATE DEFINER=`root`@`localhost` PROCEDURE `getListChairRoomCinema`(
      IN Idroom Bigint,
      IN Idcinema bigint,
      IN Idinterest int
)
BEGIN
   SELECT DISTINCT chairs.Idchair,chairs.NumberChair,chairs.RowChar,chairs.Idcategorychair,
  (select kt.Idbill from cinema.Ticket kt where kt.Idchair = chairs.Idchair and kt.Idinterest = interest.Idinterest) as bill
 FROM cinema.cinemainterest interest 
 LEFT JOIN cinema.Room room ON room.Idroom = interest.Idroom 
 LEFT JOIN cinema.Cinema cinemas ON cinemas.Idcinema = interest.Idcinema 
 LEFT JOIN cinema.chair chairs ON chairs.Idroom = interest.Idroom
 where room.Idroom = Idroom and interest.Idinterest = Idinterest and cinemas.Idcinema = Idcinema ;
END ;;
DELIMITER ;
/*!50003 SET sql_mode              = @saved_sql_mode */ ;
/*!50003 SET character_set_client  = @saved_cs_client */ ;
/*!50003 SET character_set_results = @saved_cs_results */ ;
/*!50003 SET collation_connection  = @saved_col_connection */ ;
/*!50003 DROP PROCEDURE IF EXISTS `getListCinema` */;
/*!50003 SET @saved_cs_client      = @@character_set_client */ ;
/*!50003 SET @saved_cs_results     = @@character_set_results */ ;
/*!50003 SET @saved_col_connection = @@collation_connection */ ;
/*!50003 SET character_set_client  = utf8mb4 */ ;
/*!50003 SET character_set_results = utf8mb4 */ ;
/*!50003 SET collation_connection  = utf8mb4_0900_ai_ci */ ;
/*!50003 SET @saved_sql_mode       = @@sql_mode */ ;
/*!50003 SET sql_mode              = 'ONLY_FULL_GROUP_BY,STRICT_TRANS_TABLES,NO_ZERO_IN_DATE,NO_ZERO_DATE,ERROR_FOR_DIVISION_BY_ZERO,NO_ENGINE_SUBSTITUTION' */ ;
DELIMITER ;;
CREATE DEFINER=`root`@`localhost` PROCEDURE `getListCinema`(
          IN Dateshow date,
          IN idmovie bigInt
         
)
BEGIN
   select DISTINCT c.Namecinema,c.Idcinema from cinema.Cinema c 
   inner join cinema.Room r on r.Idcinema = c.Idcinema
   inner join cinema.cinemainterest t on t.Idroom = r.Idroom
   where t.Dateshow = Dateshow and t.Idmovie = idmovie;
END ;;
DELIMITER ;
/*!50003 SET sql_mode              = @saved_sql_mode */ ;
/*!50003 SET character_set_client  = @saved_cs_client */ ;
/*!50003 SET character_set_results = @saved_cs_results */ ;
/*!50003 SET collation_connection  = @saved_col_connection */ ;
/*!50003 DROP PROCEDURE IF EXISTS `GetListEmployee` */;
/*!50003 SET @saved_cs_client      = @@character_set_client */ ;
/*!50003 SET @saved_cs_results     = @@character_set_results */ ;
/*!50003 SET @saved_col_connection = @@collation_connection */ ;
/*!50003 SET character_set_client  = utf8mb4 */ ;
/*!50003 SET character_set_results = utf8mb4 */ ;
/*!50003 SET collation_connection  = utf8mb4_0900_ai_ci */ ;
/*!50003 SET @saved_sql_mode       = @@sql_mode */ ;
/*!50003 SET sql_mode              = 'ONLY_FULL_GROUP_BY,STRICT_TRANS_TABLES,NO_ZERO_IN_DATE,NO_ZERO_DATE,ERROR_FOR_DIVISION_BY_ZERO,NO_ENGINE_SUBSTITUTION' */ ;
DELIMITER ;;
CREATE DEFINER=`root`@`localhost` PROCEDURE `GetListEmployee`(
IN id int,
IN keysearch nvarchar(255),
IN idcinema int
)
BEGIN
    SELECT us.Fullname,us.Email,us.phone,us.Birthday,us.avatar,us.gender,us.Idusers,us.Idrole,ci.Idcinema,us.statuss,us.address FROM cinema.Users us 
    inner join cinema.userofcinema ci on
    ci.Iduser = us.Idusers
    WHERE ci.Idcinema = idcinema AND us.Fullname LIKE CONCAT('%', keysearch, '%');
END ;;
DELIMITER ;
/*!50003 SET sql_mode              = @saved_sql_mode */ ;
/*!50003 SET character_set_client  = @saved_cs_client */ ;
/*!50003 SET character_set_results = @saved_cs_results */ ;
/*!50003 SET collation_connection  = @saved_col_connection */ ;
/*!50003 DROP PROCEDURE IF EXISTS `getListInterestMovie` */;
/*!50003 SET @saved_cs_client      = @@character_set_client */ ;
/*!50003 SET @saved_cs_results     = @@character_set_results */ ;
/*!50003 SET @saved_col_connection = @@collation_connection */ ;
/*!50003 SET character_set_client  = utf8mb4 */ ;
/*!50003 SET character_set_results = utf8mb4 */ ;
/*!50003 SET collation_connection  = utf8mb4_0900_ai_ci */ ;
/*!50003 SET @saved_sql_mode       = @@sql_mode */ ;
/*!50003 SET sql_mode              = 'ONLY_FULL_GROUP_BY,STRICT_TRANS_TABLES,NO_ZERO_IN_DATE,NO_ZERO_DATE,ERROR_FOR_DIVISION_BY_ZERO,NO_ENGINE_SUBSTITUTION' */ ;
DELIMITER ;;
CREATE DEFINER=`root`@`localhost` PROCEDURE `getListInterestMovie`(
          IN Dateshow date,
          IN idmovie bigInt
)
BEGIN
   select ci.Namecinema,DATE_FORMAT(t.Times, '%H:%i') AS times,t.Dateshow,t.Idinterest,m.Idmovie,t.Idroom,ci.Idcinema from cinema.cinemainterest t 
    inner join cinema.Movie m on m.Idmovie = t.Idmovie
    inner join cinema.Room r on r.Idroom = t.Idroom
    inner join cinema.Cinema ci on ci.Idcinema = r.Idcinema
     where t.Dateshow = Dateshow and t.Idmovie = idmovie;
END ;;
DELIMITER ;
/*!50003 SET sql_mode              = @saved_sql_mode */ ;
/*!50003 SET character_set_client  = @saved_cs_client */ ;
/*!50003 SET character_set_results = @saved_cs_results */ ;
/*!50003 SET collation_connection  = @saved_col_connection */ ;
/*!50003 DROP PROCEDURE IF EXISTS `getListMovieNowShow` */;
/*!50003 SET @saved_cs_client      = @@character_set_client */ ;
/*!50003 SET @saved_cs_results     = @@character_set_results */ ;
/*!50003 SET @saved_col_connection = @@collation_connection */ ;
/*!50003 SET character_set_client  = utf8mb4 */ ;
/*!50003 SET character_set_results = utf8mb4 */ ;
/*!50003 SET collation_connection  = utf8mb4_0900_ai_ci */ ;
/*!50003 SET @saved_sql_mode       = @@sql_mode */ ;
/*!50003 SET sql_mode              = 'ONLY_FULL_GROUP_BY,STRICT_TRANS_TABLES,NO_ZERO_IN_DATE,NO_ZERO_DATE,ERROR_FOR_DIVISION_BY_ZERO,NO_ENGINE_SUBSTITUTION' */ ;
DELIMITER ;;
CREATE DEFINER=`root`@`localhost` PROCEDURE `getListMovieNowShow`(
    IN p_offset_value INT,
    IN p_page_size INT,
    IN p_status_show INT
)
BEGIN
   SELECT * FROM cinema.Movie m WHERE m.Statusshow = p_status_show
   LIMIT p_page_size OFFSET p_offset_value;
END ;;
DELIMITER ;
/*!50003 SET sql_mode              = @saved_sql_mode */ ;
/*!50003 SET character_set_client  = @saved_cs_client */ ;
/*!50003 SET character_set_results = @saved_cs_results */ ;
/*!50003 SET collation_connection  = @saved_col_connection */ ;
/*!50003 DROP PROCEDURE IF EXISTS `getListVideoUser` */;
/*!50003 SET @saved_cs_client      = @@character_set_client */ ;
/*!50003 SET @saved_cs_results     = @@character_set_results */ ;
/*!50003 SET @saved_col_connection = @@collation_connection */ ;
/*!50003 SET character_set_client  = utf8mb4 */ ;
/*!50003 SET character_set_results = utf8mb4 */ ;
/*!50003 SET collation_connection  = utf8mb4_0900_ai_ci */ ;
/*!50003 SET @saved_sql_mode       = @@sql_mode */ ;
/*!50003 SET sql_mode              = 'ONLY_FULL_GROUP_BY,STRICT_TRANS_TABLES,NO_ZERO_IN_DATE,NO_ZERO_DATE,ERROR_FOR_DIVISION_BY_ZERO,NO_ENGINE_SUBSTITUTION' */ ;
DELIMITER ;;
CREATE DEFINER=`root`@`localhost` PROCEDURE `getListVideoUser`(
      IN typess int
)
BEGIN
   select * from Cinema.videouser u where u.types = typess;
END ;;
DELIMITER ;
/*!50003 SET sql_mode              = @saved_sql_mode */ ;
/*!50003 SET character_set_client  = @saved_cs_client */ ;
/*!50003 SET character_set_results = @saved_cs_results */ ;
/*!50003 SET collation_connection  = @saved_col_connection */ ;
/*!50003 DROP PROCEDURE IF EXISTS `getListVoucher` */;
/*!50003 SET @saved_cs_client      = @@character_set_client */ ;
/*!50003 SET @saved_cs_results     = @@character_set_results */ ;
/*!50003 SET @saved_col_connection = @@collation_connection */ ;
/*!50003 SET character_set_client  = utf8mb4 */ ;
/*!50003 SET character_set_results = utf8mb4 */ ;
/*!50003 SET collation_connection  = utf8mb4_0900_ai_ci */ ;
/*!50003 SET @saved_sql_mode       = @@sql_mode */ ;
/*!50003 SET sql_mode              = 'ONLY_FULL_GROUP_BY,STRICT_TRANS_TABLES,NO_ZERO_IN_DATE,NO_ZERO_DATE,ERROR_FOR_DIVISION_BY_ZERO,NO_ENGINE_SUBSTITUTION' */ ;
DELIMITER ;;
CREATE DEFINER=`root`@`localhost` PROCEDURE `getListVoucher`(
)
BEGIN
   select * from Cinema.voucher v where v.statuss = 1;
END ;;
DELIMITER ;
/*!50003 SET sql_mode              = @saved_sql_mode */ ;
/*!50003 SET character_set_client  = @saved_cs_client */ ;
/*!50003 SET character_set_results = @saved_cs_results */ ;
/*!50003 SET collation_connection  = @saved_col_connection */ ;
/*!50003 DROP PROCEDURE IF EXISTS `insertIntoEmployee` */;
/*!50003 SET @saved_cs_client      = @@character_set_client */ ;
/*!50003 SET @saved_cs_results     = @@character_set_results */ ;
/*!50003 SET @saved_col_connection = @@collation_connection */ ;
/*!50003 SET character_set_client  = utf8mb4 */ ;
/*!50003 SET character_set_results = utf8mb4 */ ;
/*!50003 SET collation_connection  = utf8mb4_0900_ai_ci */ ;
/*!50003 SET @saved_sql_mode       = @@sql_mode */ ;
/*!50003 SET sql_mode              = 'ONLY_FULL_GROUP_BY,STRICT_TRANS_TABLES,NO_ZERO_IN_DATE,NO_ZERO_DATE,ERROR_FOR_DIVISION_BY_ZERO,NO_ENGINE_SUBSTITUTION' */ ;
DELIMITER ;;
CREATE DEFINER=`root`@`localhost` PROCEDURE `insertIntoEmployee`(
   IN fullname nvarchar(255),
   IN Email nvarchar(255),
   IN phone char(11),
   IN Birthday date,
   IN Idrole int,
   IN avatar nvarchar(255),
   IN gender int,
   IN Idcinema int,
   IN address nvarchar(255)
)
BEGIN
   insert into cinema.Users(Fullname,Email,Phone,Birthday,Idrole,avatar,gender,statuss,address) values 
   (fullname,Email,phone,Birthday,Idrole,avatar,gender,0,address);
   SET @LastInsertId = LAST_INSERT_ID();
  IF NOT (Idrole = 2 and Idrole = 3) THEN
   insert into cinema.userofcinema(Iduser,Idcinema) values (@LastInsertId,Idcinema);
   END IF; 
END ;;
DELIMITER ;
/*!50003 SET sql_mode              = @saved_sql_mode */ ;
/*!50003 SET character_set_client  = @saved_cs_client */ ;
/*!50003 SET character_set_results = @saved_cs_results */ ;
/*!50003 SET collation_connection  = @saved_col_connection */ ;
/*!50003 DROP PROCEDURE IF EXISTS `insert_values` */;
/*!50003 SET @saved_cs_client      = @@character_set_client */ ;
/*!50003 SET @saved_cs_results     = @@character_set_results */ ;
/*!50003 SET @saved_col_connection = @@collation_connection */ ;
/*!50003 SET character_set_client  = utf8mb4 */ ;
/*!50003 SET character_set_results = utf8mb4 */ ;
/*!50003 SET collation_connection  = utf8mb4_0900_ai_ci */ ;
/*!50003 SET @saved_sql_mode       = @@sql_mode */ ;
/*!50003 SET sql_mode              = 'ONLY_FULL_GROUP_BY,STRICT_TRANS_TABLES,NO_ZERO_IN_DATE,NO_ZERO_DATE,ERROR_FOR_DIVISION_BY_ZERO,NO_ENGINE_SUBSTITUTION' */ ;
DELIMITER ;;
CREATE DEFINER=`root`@`localhost` PROCEDURE `insert_values`(
          IN numbers int,
          IN Idroom Bigint,
          IN numbersAllChair int
)
BEGIN
    DECLARE counter INT DEFAULT 1;
    DECLARE letter CHAR(1);
    DECLARE number INT;

    WHILE counter <= numbersAllChair DO
        SET letter = CHAR(64 + ((counter - 1) DIV numbers) + 1); -- Calculate letter 'A' to 'L'
        INSERT INTO cinema.chair(NumberChair, RowChar, Idroom, StatusChair, Idcategorychair, Roww) VALUES (counter, letter, Idroom, 0, 1, 0);
        SET counter = counter + 1;
    END WHILE;
END ;;
DELIMITER ;
/*!50003 SET sql_mode              = @saved_sql_mode */ ;
/*!50003 SET character_set_client  = @saved_cs_client */ ;
/*!50003 SET character_set_results = @saved_cs_results */ ;
/*!50003 SET collation_connection  = @saved_col_connection */ ;
/*!50003 DROP PROCEDURE IF EXISTS `LockEmployee` */;
/*!50003 SET @saved_cs_client      = @@character_set_client */ ;
/*!50003 SET @saved_cs_results     = @@character_set_results */ ;
/*!50003 SET @saved_col_connection = @@collation_connection */ ;
/*!50003 SET character_set_client  = utf8mb4 */ ;
/*!50003 SET character_set_results = utf8mb4 */ ;
/*!50003 SET collation_connection  = utf8mb4_0900_ai_ci */ ;
/*!50003 SET @saved_sql_mode       = @@sql_mode */ ;
/*!50003 SET sql_mode              = 'ONLY_FULL_GROUP_BY,STRICT_TRANS_TABLES,NO_ZERO_IN_DATE,NO_ZERO_DATE,ERROR_FOR_DIVISION_BY_ZERO,NO_ENGINE_SUBSTITUTION' */ ;
DELIMITER ;;
CREATE DEFINER=`root`@`localhost` PROCEDURE `LockEmployee`(
   IN idemployee int,
   IN statuss int
)
BEGIN
   update cinema.Users us set us.statuss = statuss where us.Idusers = idemployee;
END ;;
DELIMITER ;
/*!50003 SET sql_mode              = @saved_sql_mode */ ;
/*!50003 SET character_set_client  = @saved_cs_client */ ;
/*!50003 SET character_set_results = @saved_cs_results */ ;
/*!50003 SET collation_connection  = @saved_col_connection */ ;
/*!50003 DROP PROCEDURE IF EXISTS `login` */;
/*!50003 SET @saved_cs_client      = @@character_set_client */ ;
/*!50003 SET @saved_cs_results     = @@character_set_results */ ;
/*!50003 SET @saved_col_connection = @@collation_connection */ ;
/*!50003 SET character_set_client  = utf8mb4 */ ;
/*!50003 SET character_set_results = utf8mb4 */ ;
/*!50003 SET collation_connection  = utf8mb4_0900_ai_ci */ ;
/*!50003 SET @saved_sql_mode       = @@sql_mode */ ;
/*!50003 SET sql_mode              = 'ONLY_FULL_GROUP_BY,STRICT_TRANS_TABLES,NO_ZERO_IN_DATE,NO_ZERO_DATE,ERROR_FOR_DIVISION_BY_ZERO,NO_ENGINE_SUBSTITUTION' */ ;
DELIMITER ;;
CREATE DEFINER=`root`@`localhost` PROCEDURE `login`(
    IN p_name NVARCHAR(255),
    IN p_password NVARCHAR(255)
)
BEGIN
    DECLARE v_iduser BIGINT;
    
    SELECT a.Idusers INTO v_iduser FROM cinema.accounts a WHERE a.Username = p_name AND a.Password = p_password;
    
    IF v_iduser > 0 THEN
        SELECT Fullname,Email,Phone,Birthday,Idrole,avatar,Idusers,address,gender,statuss FROM cinema.Users WHERE Idusers = v_iduser;
    ELSE
        SELECT NULL AS Idusers; -- Return NULL for all columns
    END IF;
END ;;
DELIMITER ;
/*!50003 SET sql_mode              = @saved_sql_mode */ ;
/*!50003 SET character_set_client  = @saved_cs_client */ ;
/*!50003 SET character_set_results = @saved_cs_results */ ;
/*!50003 SET collation_connection  = @saved_col_connection */ ;
/*!50003 DROP PROCEDURE IF EXISTS `ReportTicket` */;
/*!50003 SET @saved_cs_client      = @@character_set_client */ ;
/*!50003 SET @saved_cs_results     = @@character_set_results */ ;
/*!50003 SET @saved_col_connection = @@collation_connection */ ;
/*!50003 SET character_set_client  = utf8mb4 */ ;
/*!50003 SET character_set_results = utf8mb4 */ ;
/*!50003 SET collation_connection  = utf8mb4_0900_ai_ci */ ;
/*!50003 SET @saved_sql_mode       = @@sql_mode */ ;
/*!50003 SET sql_mode              = 'ONLY_FULL_GROUP_BY,STRICT_TRANS_TABLES,NO_ZERO_IN_DATE,NO_ZERO_DATE,ERROR_FOR_DIVISION_BY_ZERO,NO_ENGINE_SUBSTITUTION' */ ;
DELIMITER ;;
CREATE DEFINER=`root`@`localhost` PROCEDURE `ReportTicket`(
    IN queryDate nvarchar(100),
    IN datenow nvarchar(100),
    IN dateEnd nvarchar(100)
)
begin
   
SELECT 
    DATE_FORMAT(Datebill, '%Y-%m-%d %H:%i:%s') as Datebill,
    SUM(Totalamount) as Total
FROM 
    cinema.Bill bills 
WHERE 
    Datebill = queryDate
GROUP BY 
    DATE_FORMAT(Datebill, '%Y-%m-%d %H:%i:%s')
ORDER BY 
    DATE_FORMAT(Datebill, '%Y-%m-%d %H:%i:%s');
    
    SELECT 
    DATE_FORMAT(MIN(Datebill), '%Y-%m-%d %H:%i:%s') as Datebill, 
    SUM(Totalamount) as Total 
FROM 
    (
        SELECT 
            DATE_FORMAT(Datebill, '%Y-%m-%d %H') as DateHour,
            DATE_FORMAT(Datebill, '%Y-%m-%d %H:%i:%s') as Datebill, 
            Totalamount
        FROM 
            cinema.Bill bills 
        WHERE 
            Datebill >= datenow AND Datebill <= dateEnd
    ) subquery
GROUP BY 
    DateHour
ORDER BY 
    DateHour;


end ;;
DELIMITER ;
/*!50003 SET sql_mode              = @saved_sql_mode */ ;
/*!50003 SET character_set_client  = @saved_cs_client */ ;
/*!50003 SET character_set_results = @saved_cs_results */ ;
/*!50003 SET collation_connection  = @saved_col_connection */ ;
/*!50003 DROP PROCEDURE IF EXISTS `resetPasswordEmployee` */;
/*!50003 SET @saved_cs_client      = @@character_set_client */ ;
/*!50003 SET @saved_cs_results     = @@character_set_results */ ;
/*!50003 SET @saved_col_connection = @@collation_connection */ ;
/*!50003 SET character_set_client  = utf8mb4 */ ;
/*!50003 SET character_set_results = utf8mb4 */ ;
/*!50003 SET collation_connection  = utf8mb4_0900_ai_ci */ ;
/*!50003 SET @saved_sql_mode       = @@sql_mode */ ;
/*!50003 SET sql_mode              = 'ONLY_FULL_GROUP_BY,STRICT_TRANS_TABLES,NO_ZERO_IN_DATE,NO_ZERO_DATE,ERROR_FOR_DIVISION_BY_ZERO,NO_ENGINE_SUBSTITUTION' */ ;
DELIMITER ;;
CREATE DEFINER=`root`@`localhost` PROCEDURE `resetPasswordEmployee`(
   IN idemployee int
)
BEGIN
   update cinema.accounts us set us.Password = '0000' where us.Idusers = idemployee;
END ;;
DELIMITER ;
/*!50003 SET sql_mode              = @saved_sql_mode */ ;
/*!50003 SET character_set_client  = @saved_cs_client */ ;
/*!50003 SET character_set_results = @saved_cs_results */ ;
/*!50003 SET collation_connection  = @saved_col_connection */ ;
/*!50003 DROP PROCEDURE IF EXISTS `updateAccount` */;
/*!50003 SET @saved_cs_client      = @@character_set_client */ ;
/*!50003 SET @saved_cs_results     = @@character_set_results */ ;
/*!50003 SET @saved_col_connection = @@collation_connection */ ;
/*!50003 SET character_set_client  = utf8mb4 */ ;
/*!50003 SET character_set_results = utf8mb4 */ ;
/*!50003 SET collation_connection  = utf8mb4_0900_ai_ci */ ;
/*!50003 SET @saved_sql_mode       = @@sql_mode */ ;
/*!50003 SET sql_mode              = 'ONLY_FULL_GROUP_BY,STRICT_TRANS_TABLES,NO_ZERO_IN_DATE,NO_ZERO_DATE,ERROR_FOR_DIVISION_BY_ZERO,NO_ENGINE_SUBSTITUTION' */ ;
DELIMITER ;;
CREATE DEFINER=`root`@`localhost` PROCEDURE `updateAccount`(
     IN Id bigint, 
     IN Fullname nvarchar(50),
     IN Email nvarchar(50),
     IN Phone char(10),
     IN Birthday date,
     IN avatar nvarchar(255),
     IN gender int,
     IN address nvarchar(255),
     IN idrole int
)
BEGIN
   update cinema.Users u set u.Fullname = Fullname, u.Email = Email, u.Phone = Phone, u.Birthday = Birthday, u.avatar = avatar ,u.gender = gender, u.address = address, u.Idrole = idrole
   where u.Idusers = Id;
END ;;
DELIMITER ;
/*!50003 SET sql_mode              = @saved_sql_mode */ ;
/*!50003 SET character_set_client  = @saved_cs_client */ ;
/*!50003 SET character_set_results = @saved_cs_results */ ;
/*!50003 SET collation_connection  = @saved_col_connection */ ;
/*!40103 SET TIME_ZONE=@OLD_TIME_ZONE */;

/*!40101 SET SQL_MODE=@OLD_SQL_MODE */;
/*!40014 SET FOREIGN_KEY_CHECKS=@OLD_FOREIGN_KEY_CHECKS */;
/*!40014 SET UNIQUE_CHECKS=@OLD_UNIQUE_CHECKS */;
/*!40101 SET CHARACTER_SET_CLIENT=@OLD_CHARACTER_SET_CLIENT */;
/*!40101 SET CHARACTER_SET_RESULTS=@OLD_CHARACTER_SET_RESULTS */;
/*!40101 SET COLLATION_CONNECTION=@OLD_COLLATION_CONNECTION */;
/*!40111 SET SQL_NOTES=@OLD_SQL_NOTES */;

-- Dump completed on 2023-11-20 13:15:12
